iso2,iso3,title,condition,id,estimated_population,from,to,period,year,phase,population,percentage,color
AF,AFG,Acute Food Insecurity March 2022,A,25114450,41727303,Jun 2022,Nov 2022,P,2022,1,8076291,0.2,
AF,AFG,Acute Food Insecurity March 2022,A,25114450,41727303,Jun 2022,Nov 2022,P,2022,2,14730490,0.35,
AF,AFG,Acute Food Insecurity March 2022,A,25114450,41727303,Jun 2022,Nov 2022,P,2022,3,12944658,0.31,
AF,AFG,Acute Food Insecurity March 2022,A,25114450,41727303,Jun 2022,Nov 2022,P,2022,4,5975864,0.14,
AF,AFG,Acute Food Insecurity March 2022,A,25114450,41727303,Jun 2022,Nov 2022,P,2022,5,0,0,
AF,AFG,Acute Food Insecurity October 2021,A,24380569,41727304,Nov 2021,Mar 2022,P,2021,1,6440549,0.15,
AF,AFG,Acute Food Insecurity October 2021,A,24380569,41727304,Nov 2021,Mar 2022,P,2021,2,12473098,0.3,
AF,AFG,Acute Food Insecurity October 2021,A,24380569,41727304,Nov 2021,Mar 2022,P,2021,3,14073883,0.34,
AF,AFG,Acute Food Insecurity October 2021,A,24380569,41727304,Nov 2021,Mar 2022,P,2021,4,8739775,0.21,
AF,AFG,Acute Food Insecurity October 2021,A,24380569,41727304,Nov 2021,Mar 2022,P,2021,5,0,0,
AF,AFG,Acute Food Insecurity September 2020,A,18978466,32890171,Nov 2020,Mar 2021,P,2020,1,7675485,0.24,
AF,AFG,Acute Food Insecurity September 2020,A,18978466,32890171,Nov 2020,Mar 2021,P,2020,2,10560167,0.34,
AF,AFG,Acute Food Insecurity September 2020,A,18978466,32890171,Nov 2020,Mar 2021,P,2020,3,8852083,0.28,
AF,AFG,Acute Food Insecurity September 2020,A,18978466,32890171,Nov 2020,Mar 2021,P,2020,4,4302436,0.14,
AF,AFG,Acute Food Insecurity September 2020,A,18978466,32890171,Nov 2020,Mar 2021,P,2020,5,0,0,
AF,AFG,Acute Food Insecurity September 2019,A,13928767,32225560,Nov 2019,Mar 2020,P,2019,1,9989069,0.33,
AF,AFG,Acute Food Insecurity September 2019,A,13928767,32225560,Nov 2019,Mar 2020,P,2019,2,9450138,0.31,
AF,AFG,Acute Food Insecurity September 2019,A,13928767,32225560,Nov 2019,Mar 2020,P,2019,3,8591396,0.28,
AF,AFG,Acute Food Insecurity September 2019,A,13928767,32225560,Nov 2019,Mar 2020,P,2019,4,2694957,0.09,
AF,AFG,Acute Food Insecurity September 2019,A,13928767,32225560,Nov 2019,Mar 2020,P,2019,5,0,0,
AF,AFG,Acute Food Insecurity September 2018,A,12856213,31575018,Nov 2018,Feb 2019,P,2018,1,5153244,0.23,
AF,AFG,Acute Food Insecurity September 2018,A,12856213,31575018,Nov 2018,Feb 2019,P,2018,2,6785308,0.3,
AF,AFG,Acute Food Insecurity September 2018,A,12856213,31575018,Nov 2018,Feb 2019,P,2018,3,7731348,0.34,
AF,AFG,Acute Food Insecurity September 2018,A,12856213,31575018,Nov 2018,Feb 2019,P,2018,4,2897164,0.13,
AF,AFG,Acute Food Insecurity September 2018,A,12856213,31575018,Nov 2018,Feb 2019,P,2018,5,0,0,
AF,AFG,Acute Food Insecurity August 2017,A,12166890,29724323,Aug 2017,Nov 2017,C,2017,1,11452456,0.39,
AF,AFG,Acute Food Insecurity August 2017,A,12166890,29724323,Aug 2017,Nov 2017,C,2017,2,9945689,0.34,
AF,AFG,Acute Food Insecurity August 2017,A,12166890,29724323,Aug 2017,Nov 2017,C,2017,3,5710868,0.2,
AF,AFG,Acute Food Insecurity August 2017,A,12166890,29724323,Aug 2017,Nov 2017,C,2017,4,1894944,0.07,
AF,AFG,Acute Food Insecurity August 2017,A,12166890,29724323,Aug 2017,Nov 2017,C,2017,5,0,0,
AO,AGO,Acute Food Insecurity June 2021 (South),A,24259254,32097671,Oct 2021,Mar 2022,P,2021,1,482825,0.18,
AO,AGO,Acute Food Insecurity June 2021 (South),A,24259254,32097671,Oct 2021,Mar 2022,P,2021,2,683303,0.25,
AO,AGO,Acute Food Insecurity June 2021 (South),A,24259254,32097671,Oct 2021,Mar 2022,P,2021,3,1167337,0.42,
AO,AGO,Acute Food Insecurity June 2021 (South),A,24259254,32097671,Oct 2021,Mar 2022,P,2021,4,416660,0.15,
AO,AGO,Acute Food Insecurity June 2021 (South),A,24259254,32097671,Oct 2021,Mar 2022,P,2021,5,0,0,
AO,AGO,Acute Food Insecurity August 2019 (South),A,14043370,31825000,Oct 2019,Feb 2020,P,2019,1,148715,0.16,
AO,AGO,Acute Food Insecurity August 2019 (South),A,14043370,31825000,Oct 2019,Feb 2020,P,2019,2,193374,0.21,
AO,AGO,Acute Food Insecurity August 2019 (South),A,14043370,31825000,Oct 2019,Feb 2020,P,2019,3,271607,0.3,
AO,AGO,Acute Food Insecurity August 2019 (South),A,14043370,31825000,Oct 2019,Feb 2020,P,2019,4,290229,0.32,
AO,AGO,Acute Food Insecurity August 2019 (South),A,14043370,31825000,Oct 2019,Feb 2020,P,2019,5,0,0,
BF,BFA,Cadre Harmonisé Analysis March 2022,A,24775926,21253895,Jun 2022,Aug 2022,P,2022,1,12468940,0.59,
BF,BFA,Cadre Harmonisé Analysis March 2022,A,24775926,21253895,Jun 2022,Aug 2022,P,2022,2,5331444,0.25,
BF,BFA,Cadre Harmonisé Analysis March 2022,A,24775926,21253895,Jun 2022,Aug 2022,P,2022,3,2825046,0.13,
BF,BFA,Cadre Harmonisé Analysis March 2022,A,24775926,21253895,Jun 2022,Aug 2022,P,2022,4,628464,0.03,
BF,BFA,Cadre Harmonisé Analysis March 2022,A,24775926,21253895,Jun 2022,Aug 2022,P,2022,5,0,0,
BF,BFA,Cadre Harmonisé Analysis November 2021,A,24467532,21880805,Jun 2022,Aug 2022,P,2021,1,14153777,0.65,
BF,BFA,Cadre Harmonisé Analysis November 2021,A,24467532,21880805,Jun 2022,Aug 2022,P,2021,2,5094526,0.23,
BF,BFA,Cadre Harmonisé Analysis November 2021,A,24467532,21880805,Jun 2022,Aug 2022,P,2021,3,2196110,0.1,
BF,BFA,Cadre Harmonisé Analysis November 2021,A,24467532,21880805,Jun 2022,Aug 2022,P,2021,4,436393,0.02,
BF,BFA,Cadre Harmonisé Analysis November 2021,A,24467532,21880805,Jun 2022,Aug 2022,P,2021,5,0,0,
BF,BFA,Cadre Harmonisé Analysis November 2020,A,19963322,22049277,Jun 2021,Aug 2021,P,2020,1,12957852,0.59,
BF,BFA,Cadre Harmonisé Analysis November 2020,A,19963322,22049277,Jun 2021,Aug 2021,P,2020,2,6364525,0.29,
BF,BFA,Cadre Harmonisé Analysis November 2020,A,19963322,22049277,Jun 2021,Aug 2021,P,2020,3,2472506,0.11,
BF,BFA,Cadre Harmonisé Analysis November 2020,A,19963322,22049277,Jun 2021,Aug 2021,P,2020,4,254394,0.01,
BF,BFA,Cadre Harmonisé Analysis November 2020,A,19963322,22049277,Jun 2021,Aug 2021,P,2020,5,0,0,
BI,BDI,Acute Food Insecurity April 2022,A,25139880,12045234,Jun 2022,Sep 2022,P,2022,1,8636769,0.72,
BI,BDI,Acute Food Insecurity April 2022,A,25139880,12045234,Jun 2022,Sep 2022,P,2022,2,2762798,0.23,
BI,BDI,Acute Food Insecurity April 2022,A,25139880,12045234,Jun 2022,Sep 2022,P,2022,3,645667,0.05,
BI,BDI,Acute Food Insecurity April 2022,A,25139880,12045234,Jun 2022,Sep 2022,P,2022,4,0,0,
BI,BDI,Acute Food Insecurity April 2022,A,25139880,12045234,Jun 2022,Sep 2022,P,2022,5,0,0,
BI,BDI,Acute Food Insecurity September 2021 (2021B),A,24398137,12495569,Jan 2022,Mar 2022,A,2021,1,7047824,0.59,
BI,BDI,Acute Food Insecurity September 2021 (2021B),A,24398137,12495569,Jan 2022,Mar 2022,A,2021,2,3938184,0.33,
BI,BDI,Acute Food Insecurity September 2021 (2021B),A,24398137,12495569,Jan 2022,Mar 2022,A,2021,3,1059233,0.09,
BI,BDI,Acute Food Insecurity September 2021 (2021B),A,24398137,12495569,Jan 2022,Mar 2022,A,2021,4,0,0,
BI,BDI,Acute Food Insecurity September 2021 (2021B),A,24398137,12495569,Jan 2022,Mar 2022,A,2021,5,0,0,
BI,BDI,Acute Food Insecurity August 2020 (2020 B),A,18581963,11891000,Oct 2020,Dec 2020,P,2020,1,6367987,0.55,
BI,BDI,Acute Food Insecurity August 2020 (2020 B),A,18581963,11891000,Oct 2020,Dec 2020,P,2020,2,3955432,0.34,
BI,BDI,Acute Food Insecurity August 2020 (2020 B),A,18581963,11891000,Oct 2020,Dec 2020,P,2020,3,1206500,0.1,
BI,BDI,Acute Food Insecurity August 2020 (2020 B),A,18581963,11891000,Oct 2020,Dec 2020,P,2020,4,128129,0.01,
BI,BDI,Acute Food Insecurity August 2020 (2020 B),A,18581963,11891000,Oct 2020,Dec 2020,P,2020,5,0,0,
BI,BDI,Acute Food Insecurity July 2018 (2018 B),A,12956017,11178588,Oct 2018,Dec 2018,P,2018,1,0,0,
BI,BDI,Acute Food Insecurity July 2018 (2018 B),A,12956017,11178588,Oct 2018,Dec 2018,P,2018,2,9228832,0.84,
BI,BDI,Acute Food Insecurity July 2018 (2018 B),A,12956017,11178588,Oct 2018,Dec 2018,P,2018,3,1721763,0.16,
BI,BDI,Acute Food Insecurity July 2018 (2018 B),A,12956017,11178588,Oct 2018,Dec 2018,P,2018,4,0,0,
BI,BDI,Acute Food Insecurity July 2018 (2018 B),A,12956017,11178588,Oct 2018,Dec 2018,P,2018,5,0,0,
BI,BDI,Acute Food Insecurity July 2017 (2017 B),A,12169326,10400938,Oct 2017,Dec 2017,P,2017,1,0,0,
BI,BDI,Acute Food Insecurity July 2017 (2017 B),A,12169326,10400938,Oct 2017,Dec 2017,P,2017,2,7145554,0.73,
BI,BDI,Acute Food Insecurity July 2017 (2017 B),A,12169326,10400938,Oct 2017,Dec 2017,P,2017,3,2613310,0.27,
BI,BDI,Acute Food Insecurity July 2017 (2017 B),A,12169326,10400938,Oct 2017,Dec 2017,P,2017,4,0,0,
BI,BDI,Acute Food Insecurity July 2017 (2017 B),A,12169326,10400938,Oct 2017,Dec 2017,P,2017,5,0,0,
BJ,BEN,Cadre Harmonisé Analysis March 2022,A,24790524,12915002,Jun 2022,Aug 2022,P,2022,1,9766619,0.76,
BJ,BEN,Cadre Harmonisé Analysis March 2022,A,24790524,12915002,Jun 2022,Aug 2022,P,2022,2,2318231,0.18,
BJ,BEN,Cadre Harmonisé Analysis March 2022,A,24790524,12915002,Jun 2022,Aug 2022,P,2022,3,806329,0.06,
BJ,BEN,Cadre Harmonisé Analysis March 2022,A,24790524,12915002,Jun 2022,Aug 2022,P,2022,4,23821,0,
BJ,BEN,Cadre Harmonisé Analysis March 2022,A,24790524,12915002,Jun 2022,Aug 2022,P,2022,5,0,0,
BJ,BEN,Cadre Harmonisé Analysis November 2021,A,24467308,12915002,Jun 2022,Aug 2022,P,2021,1,1737840,0.84,
BJ,BEN,Cadre Harmonisé Analysis November 2021,A,24467308,12915002,Jun 2022,Aug 2022,P,2021,2,303373,0.15,
BJ,BEN,Cadre Harmonisé Analysis November 2021,A,24467308,12915002,Jun 2022,Aug 2022,P,2021,3,17450,0.01,
BJ,BEN,Cadre Harmonisé Analysis November 2021,A,24467308,12915002,Jun 2022,Aug 2022,P,2021,4,0,0,
BJ,BEN,Cadre Harmonisé Analysis November 2021,A,24467308,12915002,Jun 2022,Aug 2022,P,2021,5,0,0,
BJ,BEN,Cadre Harmonisé Analysis October 2020,A,19586545,12500000,Jun 2021,Aug 2021,P,2020,1,7285823,0.81,
BJ,BEN,Cadre Harmonisé Analysis October 2020,A,19586545,12500000,Jun 2021,Aug 2021,P,2020,2,1436375,0.16,
BJ,BEN,Cadre Harmonisé Analysis October 2020,A,19586545,12500000,Jun 2021,Aug 2021,P,2020,3,281638,0.03,
BJ,BEN,Cadre Harmonisé Analysis October 2020,A,19586545,12500000,Jun 2021,Aug 2021,P,2020,4,0,0,
BJ,BEN,Cadre Harmonisé Analysis October 2020,A,19586545,12500000,Jun 2021,Aug 2021,P,2020,5,0,0,
CD,COD,Acute Food Insecurity September 2021 (20ème cycle),A,24382804,115195751,Jan 2022,Jun 2022,P,2021,1,31540609,0.3,
CD,COD,Acute Food Insecurity September 2021 (20ème cycle),A,24382804,115195751,Jan 2022,Jun 2022,P,2021,2,47830924,0.45,
CD,COD,Acute Food Insecurity September 2021 (20ème cycle),A,24382804,115195751,Jan 2022,Jun 2022,P,2021,3,20463608,0.2,
CD,COD,Acute Food Insecurity September 2021 (20ème cycle),A,24382804,115195751,Jan 2022,Jun 2022,P,2021,4,5415900,0.05,
CD,COD,Acute Food Insecurity September 2021 (20ème cycle),A,24382804,115195751,Jan 2022,Jun 2022,P,2021,5,0,0,
CD,COD,Acute Food Insecurity July 2020 (18ème Cycle),A,18560673,103199000,Jan 2021,Jun 2021,P,2020,1,16795375,0.25,
CD,COD,Acute Food Insecurity July 2020 (18ème Cycle),A,18560673,103199000,Jan 2021,Jun 2021,P,2020,2,30253077,0.45,
CD,COD,Acute Food Insecurity July 2020 (18ème Cycle),A,18560673,103199000,Jan 2021,Jun 2021,P,2020,3,14741313,0.22,
CD,COD,Acute Food Insecurity July 2020 (18ème Cycle),A,18560673,103199000,Jan 2021,Jun 2021,P,2020,4,4875469,0.07,
CD,COD,Acute Food Insecurity July 2020 (18ème Cycle),A,18560673,103199000,Jan 2021,Jun 2021,P,2020,5,0,0,
CD,COD,Acute Food Insecurity June 2019 (17ème Cycle),A,14010107,86791000,Jan 2020,May 2020,P,2019,1,13529407,0.28,
CD,COD,Acute Food Insecurity June 2019 (17ème Cycle),A,14010107,86791000,Jan 2020,May 2020,P,2019,2,20986039,0.44,
CD,COD,Acute Food Insecurity June 2019 (17ème Cycle),A,14010107,86791000,Jan 2020,May 2020,P,2019,3,9925921,0.21,
CD,COD,Acute Food Insecurity June 2019 (17ème Cycle),A,14010107,86791000,Jan 2020,May 2020,P,2019,4,3635796,0.07,
CD,COD,Acute Food Insecurity June 2019 (17ème Cycle),A,14010107,86791000,Jan 2020,May 2020,P,2019,5,0,0,
CD,COD,Acute Food Insecurity June 2018 (16ème Cycle),A,12864584,84930565,Aug 2018,Jun 2019,C,2018,1,15756643,0.28,
CD,COD,Acute Food Insecurity June 2018 (16ème Cycle),A,12864584,84930565,Aug 2018,Jun 2019,C,2018,2,27361886,0.49,
CD,COD,Acute Food Insecurity June 2018 (16ème Cycle),A,12864584,84930565,Aug 2018,Jun 2019,C,2018,3,9767461,0.17,
CD,COD,Acute Food Insecurity June 2018 (16ème Cycle),A,12864584,84930565,Aug 2018,Jun 2019,C,2018,4,3373595,0.06,
CD,COD,Acute Food Insecurity June 2018 (16ème Cycle),A,12864584,84930565,Aug 2018,Jun 2019,C,2018,5,0,0,
CD,COD,Acute Food Insecurity June 2017 (15ème Cycle),A,12507475,78368000,Jun 2017,Dec 2017,C,2017,1,0,0,
CD,COD,Acute Food Insecurity June 2017 (15ème Cycle),A,12507475,78368000,Jun 2017,Dec 2017,C,2017,2,64014318,0.89,
CD,COD,Acute Food Insecurity June 2017 (15ème Cycle),A,12507475,78368000,Jun 2017,Dec 2017,C,2017,3,6164157,0.09,
CD,COD,Acute Food Insecurity June 2017 (15ème Cycle),A,12507475,78368000,Jun 2017,Dec 2017,C,2017,4,1478051,0.02,
CD,COD,Acute Food Insecurity June 2017 (15ème Cycle),A,12507475,78368000,Jun 2017,Dec 2017,C,2017,5,0,0,
CF,CAF,Acute Food Insecurity March 2022 (Proj Update),A,24988845,5677026,Apr 2022,Aug 2022,P,2022,1,1226085,0.24,
CF,CAF,Acute Food Insecurity March 2022 (Proj Update),A,24988845,5677026,Apr 2022,Aug 2022,P,2022,2,1511692,0.31,
CF,CAF,Acute Food Insecurity March 2022 (Proj Update),A,24988845,5677026,Apr 2022,Aug 2022,P,2022,3,1570882,0.32,
CF,CAF,Acute Food Insecurity March 2022 (Proj Update),A,24988845,5677026,Apr 2022,Aug 2022,P,2022,4,638021,0.13,
CF,CAF,Acute Food Insecurity March 2022 (Proj Update),A,24988845,5677026,Apr 2022,Aug 2022,P,2022,5,0,0,
CF,CAF,Acute Food Insecurity September 2021 (18ème cycle),A,24448796,5677026,Apr 2022,Aug 2022,P,2021,1,1054513,0.21,
CF,CAF,Acute Food Insecurity September 2021 (18ème cycle),A,24448796,5677026,Apr 2022,Aug 2022,P,2021,2,1528283,0.31,
CF,CAF,Acute Food Insecurity September 2021 (18ème cycle),A,24448796,5677026,Apr 2022,Aug 2022,P,2021,3,1671055,0.34,
CF,CAF,Acute Food Insecurity September 2021 (18ème cycle),A,24448796,5677026,Apr 2022,Aug 2022,P,2021,4,688882,0.14,
CF,CAF,Acute Food Insecurity September 2021 (18ème cycle),A,24448796,5677026,Apr 2022,Aug 2022,P,2021,5,0,0,
CF,CAF,Acute Food Insecurity September 2020(17ème cycle),A,18677917,4830000,May 2021,Aug 2021,P,2020,1,899335,0.19,
CF,CAF,Acute Food Insecurity September 2020(17ème cycle),A,18677917,4830000,May 2021,Aug 2021,P,2020,2,1628182,0.34,
CF,CAF,Acute Food Insecurity September 2020(17ème cycle),A,18677917,4830000,May 2021,Aug 2021,P,2020,3,1789989,0.37,
CF,CAF,Acute Food Insecurity September 2020(17ème cycle),A,18677917,4830000,May 2021,Aug 2021,P,2020,4,524686,0.11,
CF,CAF,Acute Food Insecurity September 2020(17ème cycle),A,18677917,4830000,May 2021,Aug 2021,P,2020,5,0,0,
CF,CAF,Acute Food Insecurity September 2019 (16ème cycle),A,13909651,4826000,May 2020,Aug 2020,P,2019,1,879689,0.19,
CF,CAF,Acute Food Insecurity September 2019 (16ème cycle),A,13909651,4826000,May 2020,Aug 2020,P,2019,2,1592981,0.35,
CF,CAF,Acute Food Insecurity September 2019 (16ème cycle),A,13909651,4826000,May 2020,Aug 2020,P,2019,3,1450049,0.32,
CF,CAF,Acute Food Insecurity September 2019 (16ème cycle),A,13909651,4826000,May 2020,Aug 2020,P,2019,4,673217,0.15,
CF,CAF,Acute Food Insecurity September 2019 (16ème cycle),A,13909651,4826000,May 2020,Aug 2020,P,2019,5,0,0,
CF,CAF,Acute Food Insecurity September 2018 (14ème Cycle),A,12851384,4684517,Aug 2018,Aug 2018,C,2018,1,702450,0.16,
CF,CAF,Acute Food Insecurity September 2018 (14ème Cycle),A,12851384,4684517,Aug 2018,Aug 2018,C,2018,2,1841199,0.41,
CF,CAF,Acute Food Insecurity September 2018 (14ème Cycle),A,12851384,4684517,Aug 2018,Aug 2018,C,2018,3,1351826,0.3,
CF,CAF,Acute Food Insecurity September 2018 (14ème Cycle),A,12851384,4684517,Aug 2018,Aug 2018,C,2018,4,547137,0.12,
CF,CAF,Acute Food Insecurity September 2018 (14ème Cycle),A,12851384,4684517,Aug 2018,Aug 2018,C,2018,5,0,0,
CF,CAF,Acute Food Insecurity February 2017 (12ème Cycle d'analyse IPC) ,A,12135625,5711072,Feb 2017,May 2017,C,2017,1,1038686,0.28,
CF,CAF,Acute Food Insecurity February 2017 (12ème Cycle d'analyse IPC) ,A,12135625,5711072,Feb 2017,May 2017,C,2017,2,1519192,0.41,
CF,CAF,Acute Food Insecurity February 2017 (12ème Cycle d'analyse IPC) ,A,12135625,5711072,Feb 2017,May 2017,C,2017,3,794156,0.22,
CF,CAF,Acute Food Insecurity February 2017 (12ème Cycle d'analyse IPC) ,A,12135625,5711072,Feb 2017,May 2017,C,2017,4,315872,0.09,
CF,CAF,Acute Food Insecurity February 2017 (12ème Cycle d'analyse IPC) ,A,12135625,5711072,Feb 2017,May 2017,C,2017,5,0,0,
CI,CIV,Cadre Harmonisé Analysis March 2022,A,24777460,27725186,Jun 2022,Aug 2022,P,2022,1,12294031,0.77,
CI,CIV,Cadre Harmonisé Analysis March 2022,A,24777460,27725186,Jun 2022,Aug 2022,P,2022,2,3103718,0.19,
CI,CIV,Cadre Harmonisé Analysis March 2022,A,24777460,27725186,Jun 2022,Aug 2022,P,2022,3,662002,0.04,
CI,CIV,Cadre Harmonisé Analysis March 2022,A,24777460,27725186,Jun 2022,Aug 2022,P,2022,4,0,0,
CI,CIV,Cadre Harmonisé Analysis March 2022,A,24777460,27725186,Jun 2022,Aug 2022,P,2022,5,0,0,
CI,CIV,Cadre Harmonisé Analysis November 2021,A,24467844,27725186,Jun 2022,Aug 2022,P,2021,1,12103666,0.75,
CI,CIV,Cadre Harmonisé Analysis November 2021,A,24467844,27725186,Jun 2022,Aug 2022,P,2021,2,3089274,0.19,
CI,CIV,Cadre Harmonisé Analysis November 2021,A,24467844,27725186,Jun 2022,Aug 2022,P,2021,3,866812,0.05,
CI,CIV,Cadre Harmonisé Analysis November 2021,A,24467844,27725186,Jun 2022,Aug 2022,P,2021,4,0,0,
CI,CIV,Cadre Harmonisé Analysis November 2021,A,24467844,27725186,Jun 2022,Aug 2022,P,2021,5,0,0,
CI,CIV,Cadre Harmonisé Analysis October 2020,A,19971619,26453539,Jun 2021,Aug 2020,P,2020,1,5013136,0.81,
CI,CIV,Cadre Harmonisé Analysis October 2020,A,19971619,26453539,Jun 2021,Aug 2020,P,2020,2,981428,0.16,
CI,CIV,Cadre Harmonisé Analysis October 2020,A,19971619,26453539,Jun 2021,Aug 2020,P,2020,3,186670,0.03,
CI,CIV,Cadre Harmonisé Analysis October 2020,A,19971619,26453539,Jun 2021,Aug 2020,P,2020,4,0,0,
CI,CIV,Cadre Harmonisé Analysis October 2020,A,19971619,26453539,Jun 2021,Aug 2020,P,2020,5,0,0,
CM,CMR,Cadre Harmonisé Analysis March 2022,A,24776739,26553619,Jun 2022,Aug 2022,P,2022,1,18450739,0.69,
CM,CMR,Cadre Harmonisé Analysis March 2022,A,24776739,26553619,Jun 2022,Aug 2022,P,2022,2,5689589,0.21,
CM,CMR,Cadre Harmonisé Analysis March 2022,A,24776739,26553619,Jun 2022,Aug 2022,P,2022,3,2228137,0.08,
CM,CMR,Cadre Harmonisé Analysis March 2022,A,24776739,26553619,Jun 2022,Aug 2022,P,2022,4,185150,0.01,
CM,CMR,Cadre Harmonisé Analysis March 2022,A,24776739,26553619,Jun 2022,Aug 2022,P,2022,5,0,0,
CM,CMR,Cadre Harmonisé Analysis November 2021,A,24467680,26553619,Jun 2022,Aug 2022,P,2021,1,17878586,0.67,
CM,CMR,Cadre Harmonisé Analysis November 2021,A,24467680,26553619,Jun 2022,Aug 2022,P,2021,2,6291161,0.24,
CM,CMR,Cadre Harmonisé Analysis November 2021,A,24467680,26553619,Jun 2022,Aug 2022,P,2021,3,2206249,0.08,
CM,CMR,Cadre Harmonisé Analysis November 2021,A,24467680,26553619,Jun 2022,Aug 2022,P,2021,4,177619,0.01,
CM,CMR,Cadre Harmonisé Analysis November 2021,A,24467680,26553619,Jun 2022,Aug 2022,P,2021,5,0,0,
CM,CMR,Cadre Harmonisé Analysis October 2020,A,20170848,25931269,Jun 2021,Aug 2021,P,2020,1,18078644,0.7,
CM,CMR,Cadre Harmonisé Analysis October 2020,A,20170848,25931269,Jun 2021,Aug 2021,P,2020,2,5570917,0.21,
CM,CMR,Cadre Harmonisé Analysis October 2020,A,20170848,25931269,Jun 2021,Aug 2021,P,2020,3,2211680,0.09,
CM,CMR,Cadre Harmonisé Analysis October 2020,A,20170848,25931269,Jun 2021,Aug 2021,P,2020,4,72664,0,
CM,CMR,Cadre Harmonisé Analysis October 2020,A,20170848,25931269,Jun 2021,Aug 2021,P,2020,5,0,0,
CV,CPV,Cadre Harmonisé Analysis March 2022,A,24948210,483628,Jun 2022,Aug 2022,P,2022,1,299473,0.62,
CV,CPV,Cadre Harmonisé Analysis March 2022,A,24948210,483628,Jun 2022,Aug 2022,P,2022,2,138062,0.29,
CV,CPV,Cadre Harmonisé Analysis March 2022,A,24948210,483628,Jun 2022,Aug 2022,P,2022,3,43003,0.09,
CV,CPV,Cadre Harmonisé Analysis March 2022,A,24948210,483628,Jun 2022,Aug 2022,P,2022,4,3090,0.01,
CV,CPV,Cadre Harmonisé Analysis March 2022,A,24948210,483628,Jun 2022,Aug 2022,P,2022,5,0,0,
DJ,DJI,Acute Food Insecurity March 2022,A,24959509,1181675,Mar 2022,Jun 2022,C,2022,1,627092,0.53,
DJ,DJI,Acute Food Insecurity March 2022,A,24959509,1181675,Mar 2022,Jun 2022,C,2022,2,422586,0.36,
DJ,DJI,Acute Food Insecurity March 2022,A,24959509,1181675,Mar 2022,Jun 2022,C,2022,3,127073,0.11,
DJ,DJI,Acute Food Insecurity March 2022,A,24959509,1181675,Mar 2022,Jun 2022,C,2022,4,4923,0,
DJ,DJI,Acute Food Insecurity March 2022,A,24959509,1181675,Mar 2022,Jun 2022,C,2022,5,0,0,
DJ,DJI,Acute Food Insecurity October 2020,A,21818903,1117143,Jan 2021,Aug 2021,P,2020,1,534001,0.48,
DJ,DJI,Acute Food Insecurity October 2020,A,21818903,1117143,Jan 2021,Aug 2021,P,2020,2,388945,0.35,
DJ,DJI,Acute Food Insecurity October 2020,A,21818903,1117143,Jan 2021,Aug 2021,P,2020,3,167210,0.15,
DJ,DJI,Acute Food Insecurity October 2020,A,21818903,1117143,Jan 2021,Aug 2021,P,2020,4,26987,0.02,
DJ,DJI,Acute Food Insecurity October 2020,A,21818903,1117143,Jan 2021,Aug 2021,P,2020,5,0,0,
ET,ETH,Acute Food Insecurity May 2021 (Merged),A,25133691,114964000,Jul 2021,Sep 2021,P,2021,1,6364779,0.32,
ET,ETH,Acute Food Insecurity May 2021 (Merged),A,25133691,114964000,Jul 2021,Sep 2021,P,2021,2,5998032,0.3,
ET,ETH,Acute Food Insecurity May 2021 (Merged),A,25133691,114964000,Jul 2021,Sep 2021,P,2021,3,4558999,0.23,
ET,ETH,Acute Food Insecurity May 2021 (Merged),A,25133691,114964000,Jul 2021,Sep 2021,P,2021,4,2425979,0.12,
ET,ETH,Acute Food Insecurity May 2021 (Merged),A,25133691,114964000,Jul 2021,Sep 2021,P,2021,5,401313,0.02,
ET,ETH,Acute Food Insecurity October 2020 (Belg+Meher),A,19423617,114964000,Jul 2021,Sep 2021,A,2020,1,7113384,0.4,
ET,ETH,Acute Food Insecurity October 2020 (Belg+Meher),A,19423617,114964000,Jul 2021,Sep 2021,A,2020,2,6499271,0.37,
ET,ETH,Acute Food Insecurity October 2020 (Belg+Meher),A,19423617,114964000,Jul 2021,Sep 2021,A,2020,3,3142436,0.18,
ET,ETH,Acute Food Insecurity October 2020 (Belg+Meher),A,19423617,114964000,Jul 2021,Sep 2021,A,2020,4,852721,0.05,
ET,ETH,Acute Food Insecurity October 2020 (Belg+Meher),A,19423617,114964000,Jul 2021,Sep 2021,A,2020,5,0,0,
ET,ETH,Acute Food Insecurity September 2019 (6 regions),A,13963677,112079000,Feb 2020,Jun 2020,A,2019,1,10454769,0.37,
ET,ETH,Acute Food Insecurity September 2019 (6 regions),A,13963677,112079000,Feb 2020,Jun 2020,A,2019,2,10295846,0.35,
ET,ETH,Acute Food Insecurity September 2019 (6 regions),A,13963677,112079000,Feb 2020,Jun 2020,A,2019,3,6497082,0.22,
ET,ETH,Acute Food Insecurity September 2019 (6 regions),A,13963677,112079000,Feb 2020,Jun 2020,A,2019,4,1976708,0.06,
ET,ETH,Acute Food Insecurity September 2019 (6 regions),A,13963677,112079000,Feb 2020,Jun 2020,A,2019,5,0,0,
GH,GHA,Cadre Harmonisé Analysis March 2022,A,24777675,30792608,Jun 2022,Aug 2022,P,2022,1,4504385,0.81,
GH,GHA,Cadre Harmonisé Analysis March 2022,A,24777675,30792608,Jun 2022,Aug 2022,P,2022,2,794700,0.14,
GH,GHA,Cadre Harmonisé Analysis March 2022,A,24777675,30792608,Jun 2022,Aug 2022,P,2022,3,262348,0.05,
GH,GHA,Cadre Harmonisé Analysis March 2022,A,24777675,30792608,Jun 2022,Aug 2022,P,2022,4,16812,0,
GH,GHA,Cadre Harmonisé Analysis March 2022,A,24777675,30792608,Jun 2022,Aug 2022,P,2022,5,0,0,
GH,GHA,Cadre Harmonisé Analysis November 2021,A,24468041,30792608,Jun 2022,Aug 2022,P,2021,1,5428309,0.84,
GH,GHA,Cadre Harmonisé Analysis November 2021,A,24468041,30792608,Jun 2022,Aug 2022,P,2021,2,766759,0.12,
GH,GHA,Cadre Harmonisé Analysis November 2021,A,24468041,30792608,Jun 2022,Aug 2022,P,2021,3,266381,0.04,
GH,GHA,Cadre Harmonisé Analysis November 2021,A,24468041,30792608,Jun 2022,Aug 2022,P,2021,4,10097,0,
GH,GHA,Cadre Harmonisé Analysis November 2021,A,24468041,30792608,Jun 2022,Aug 2022,P,2021,5,0,0,
GH,GHA,Cadre Harmonisé Analysis October 2020,A,20263246,30955203,Jun 2021,Aug 2021,P,2020,1,28922731,0.93,
GH,GHA,Cadre Harmonisé Analysis October 2020,A,20263246,30955203,Jun 2021,Aug 2021,P,2020,2,1868653,0.06,
GH,GHA,Cadre Harmonisé Analysis October 2020,A,20263246,30955203,Jun 2021,Aug 2021,P,2020,3,163819,0.01,
GH,GHA,Cadre Harmonisé Analysis October 2020,A,20263246,30955203,Jun 2021,Aug 2021,P,2020,4,0,0,
GH,GHA,Cadre Harmonisé Analysis October 2020,A,20263246,30955203,Jun 2021,Aug 2021,P,2020,5,0,0,
GM,GMB,Cadre Harmonisé Analysis March 2022 (Projection),A,24948994,2455839,Jun 2022,Aug 2022,P,2022,1,1642345,0.67,
GM,GMB,Cadre Harmonisé Analysis March 2022 (Projection),A,24948994,2455839,Jun 2022,Aug 2022,P,2022,2,606782,0.25,
GM,GMB,Cadre Harmonisé Analysis March 2022 (Projection),A,24948994,2455839,Jun 2022,Aug 2022,P,2022,3,199751,0.08,
GM,GMB,Cadre Harmonisé Analysis March 2022 (Projection),A,24948994,2455839,Jun 2022,Aug 2022,P,2022,4,6962,0,
GM,GMB,Cadre Harmonisé Analysis March 2022 (Projection),A,24948994,2455839,Jun 2022,Aug 2022,P,2022,5,0,0,
GM,GMB,Cadre Harmonisé Analysis November 2021,A,24467967,2455839,Jun 2022,Aug 2022,P,2021,1,1642345,0.67,
GM,GMB,Cadre Harmonisé Analysis November 2021,A,24467967,2455839,Jun 2022,Aug 2022,P,2021,2,606782,0.25,
GM,GMB,Cadre Harmonisé Analysis November 2021,A,24467967,2455839,Jun 2022,Aug 2022,P,2021,3,199751,0.08,
GM,GMB,Cadre Harmonisé Analysis November 2021,A,24467967,2455839,Jun 2022,Aug 2022,P,2021,4,6962,0,
GM,GMB,Cadre Harmonisé Analysis November 2021,A,24467967,2455839,Jun 2022,Aug 2022,P,2021,5,0,0,
GM,GMB,Cadre Harmonisé Analysis November 2020,A,19968169,2455841,Jun 2021,Aug 2021,P,2020,1,1849489,0.75,
GM,GMB,Cadre Harmonisé Analysis November 2020,A,19968169,2455841,Jun 2021,Aug 2021,P,2020,2,491072,0.2,
GM,GMB,Cadre Harmonisé Analysis November 2020,A,19968169,2455841,Jun 2021,Aug 2021,P,2020,3,113369,0.05,
GM,GMB,Cadre Harmonisé Analysis November 2020,A,19968169,2455841,Jun 2021,Aug 2021,P,2020,4,1383,0,
GM,GMB,Cadre Harmonisé Analysis November 2020,A,19968169,2455841,Jun 2021,Aug 2021,P,2020,5,0,0,
GN,GIN,Cadre Harmonisé Analysis March 2022,A,24778247,13261638,Jun 2022,Aug 2022,P,2022,1,6115433,0.55,
GN,GIN,Cadre Harmonisé Analysis March 2022,A,24778247,13261638,Jun 2022,Aug 2022,P,2022,2,3831210,0.34,
GN,GIN,Cadre Harmonisé Analysis March 2022,A,24778247,13261638,Jun 2022,Aug 2022,P,2022,3,1198458,0.11,
GN,GIN,Cadre Harmonisé Analysis March 2022,A,24778247,13261638,Jun 2022,Aug 2022,P,2022,4,20830,0,
GN,GIN,Cadre Harmonisé Analysis March 2022,A,24778247,13261638,Jun 2022,Aug 2022,P,2022,5,0,0,
GN,GIN,Cadre Harmonisé Analysis November 2021,A,24468211,13261638,Jun 2022,Aug 2022,P,2021,1,8335012,0.75,
GN,GIN,Cadre Harmonisé Analysis November 2021,A,24468211,13261638,Jun 2022,Aug 2022,P,2021,2,2091534,0.19,
GN,GIN,Cadre Harmonisé Analysis November 2021,A,24468211,13261638,Jun 2022,Aug 2022,P,2021,3,739384,0.07,
GN,GIN,Cadre Harmonisé Analysis November 2021,A,24468211,13261638,Jun 2022,Aug 2022,P,2021,4,0,0,
GN,GIN,Cadre Harmonisé Analysis November 2021,A,24468211,13261638,Jun 2022,Aug 2022,P,2021,5,0,0,
GN,GIN,Cadre Harmonisé Analysis November 2020,A,19968842,12559623,Jun 2021,Aug 2021,P,2020,1,8262248,0.74,
GN,GIN,Cadre Harmonisé Analysis November 2020,A,19968842,12559623,Jun 2021,Aug 2021,P,2020,2,2169692,0.2,
GN,GIN,Cadre Harmonisé Analysis November 2020,A,19968842,12559623,Jun 2021,Aug 2021,P,2020,3,683633,0.06,
GN,GIN,Cadre Harmonisé Analysis November 2020,A,19968842,12559623,Jun 2021,Aug 2021,P,2020,4,0,0,
GN,GIN,Cadre Harmonisé Analysis November 2020,A,19968842,12559623,Jun 2021,Aug 2021,P,2020,5,0,0,
GT,GTM,Acute Food Insecurity May 2021,A,24022620,17109746,Sep 2021,Jan 2022,P,2021,1,6609358,0.39,
GT,GTM,Acute Food Insecurity May 2021,A,24022620,17109746,Sep 2021,Jan 2022,P,2021,2,7988165,0.47,
GT,GTM,Acute Food Insecurity May 2021,A,24022620,17109746,Sep 2021,Jan 2022,P,2021,3,2454451,0.14,
GT,GTM,Acute Food Insecurity May 2021,A,24022620,17109746,Sep 2021,Jan 2022,P,2021,4,57772,0,
GT,GTM,Acute Food Insecurity May 2021,A,24022620,17109746,Sep 2021,Jan 2022,P,2021,5,0,0,
GT,GTM,Acute Food Insecurity December 2020 (Proj Update),A,21317714,16858333,Nov 2020,Mar 2021,P,2020,1,6461787,0.38,
GT,GTM,Acute Food Insecurity December 2020 (Proj Update),A,21317714,16858333,Nov 2020,Mar 2021,P,2020,2,6668946,0.4,
GT,GTM,Acute Food Insecurity December 2020 (Proj Update),A,21317714,16858333,Nov 2020,Mar 2021,P,2020,3,3299978,0.2,
GT,GTM,Acute Food Insecurity December 2020 (Proj Update),A,21317714,16858333,Nov 2020,Mar 2021,P,2020,4,427622,0.03,
GT,GTM,Acute Food Insecurity December 2020 (Proj Update),A,21317714,16858333,Nov 2020,Mar 2021,P,2020,5,0,0,
GT,GTM,Acute Food Insecurity December 2019 (Rural),A,14085325,17581000,Apr 2020,Jul 2020,P,2019,1,3057045,0.44,
GT,GTM,Acute Food Insecurity December 2019 (Rural),A,14085325,17581000,Apr 2020,Jul 2020,P,2019,2,2496030,0.36,
GT,GTM,Acute Food Insecurity December 2019 (Rural),A,14085325,17581000,Apr 2020,Jul 2020,P,2019,3,1098002,0.16,
GT,GTM,Acute Food Insecurity December 2019 (Rural),A,14085325,17581000,Apr 2020,Jul 2020,P,2019,4,225701,0.03,
GT,GTM,Acute Food Insecurity December 2019 (Rural),A,14085325,17581000,Apr 2020,Jul 2020,P,2019,5,0,0,
GT,GTM,Acute Food Insecurity July 2017 (Dry Corridor),A,12138309,16736000,Jul 2017,Jul 2017,C,2017,1,2900000,0.62,
GT,GTM,Acute Food Insecurity July 2017 (Dry Corridor),A,12138309,16736000,Jul 2017,Jul 2017,C,2017,2,1300000,0.28,
GT,GTM,Acute Food Insecurity July 2017 (Dry Corridor),A,12138309,16736000,Jul 2017,Jul 2017,C,2017,3,470000,0.1,
GT,GTM,Acute Food Insecurity July 2017 (Dry Corridor),A,12138309,16736000,Jul 2017,Jul 2017,C,2017,4,0,0,
GT,GTM,Acute Food Insecurity July 2017 (Dry Corridor),A,12138309,16736000,Jul 2017,Jul 2017,C,2017,5,0,0,
GW,GNB,Cadre Harmonisé Analysis March 2022,A,24791080,1328669,Jun 2022,Aug 2022,P,2022,1,1009990,0.76,
GW,GNB,Cadre Harmonisé Analysis March 2022,A,24791080,1328669,Jun 2022,Aug 2022,P,2022,2,245587,0.18,
GW,GNB,Cadre Harmonisé Analysis March 2022,A,24791080,1328669,Jun 2022,Aug 2022,P,2022,3,73092,0.06,
GW,GNB,Cadre Harmonisé Analysis March 2022,A,24791080,1328669,Jun 2022,Aug 2022,P,2022,4,0,0,
GW,GNB,Cadre Harmonisé Analysis March 2022,A,24791080,1328669,Jun 2022,Aug 2022,P,2022,5,0,0,
GW,GNB,Cadre Harmonisé Analysis November 2021,A,24468348,1328669,Jun 2022,Aug 2022,P,2021,1,1066356,0.8,
GW,GNB,Cadre Harmonisé Analysis November 2021,A,24468348,1328669,Jun 2022,Aug 2022,P,2021,2,221623,0.17,
GW,GNB,Cadre Harmonisé Analysis November 2021,A,24468348,1328669,Jun 2022,Aug 2022,P,2021,3,40689,0.03,
GW,GNB,Cadre Harmonisé Analysis November 2021,A,24468348,1328669,Jun 2022,Aug 2022,P,2021,4,0,0,
GW,GNB,Cadre Harmonisé Analysis November 2021,A,24468348,1328669,Jun 2022,Aug 2022,P,2021,5,0,0,
GW,GNB,Cadre Harmonisé Analysis November 2020,A,19969628,2064265,Jun 2021,Aug 2021,P,2020,1,807617,0.63,
GW,GNB,Cadre Harmonisé Analysis November 2020,A,19969628,2064265,Jun 2021,Aug 2021,P,2020,2,372894,0.29,
GW,GNB,Cadre Harmonisé Analysis November 2020,A,19969628,2064265,Jun 2021,Aug 2021,P,2020,3,94134,0.07,
GW,GNB,Cadre Harmonisé Analysis November 2020,A,19969628,2064265,Jun 2021,Aug 2021,P,2020,4,1766,0,
GW,GNB,Cadre Harmonisé Analysis November 2020,A,19969628,2064265,Jun 2021,Aug 2021,P,2020,5,0,0,
HN,HND,Acute Food Insecurity January 2022,A,24582940,9597739,Jun 2022,Aug 2022,A,2022,1,3233689,0.34,
HN,HND,Acute Food Insecurity January 2022,A,24582940,9597739,Jun 2022,Aug 2022,A,2022,2,3719811,0.39,
HN,HND,Acute Food Insecurity January 2022,A,24582940,9597739,Jun 2022,Aug 2022,A,2022,3,2291044,0.24,
HN,HND,Acute Food Insecurity January 2022,A,24582940,9597739,Jun 2022,Aug 2022,A,2022,4,353195,0.04,
HN,HND,Acute Food Insecurity January 2022,A,24582940,9597739,Jun 2022,Aug 2022,A,2022,5,0,0,
HN,HND,Acute Food Insecurity January 2021 (Rural + Urban),A,22066202,9304380,Jul 2021,Sep 2021,A,2021,1,2506918,0.27,
HN,HND,Acute Food Insecurity January 2021 (Rural + Urban),A,22066202,9304380,Jul 2021,Sep 2021,A,2021,2,3503397,0.38,
HN,HND,Acute Food Insecurity January 2021 (Rural + Urban),A,22066202,9304380,Jul 2021,Sep 2021,A,2021,3,2678544,0.29,
HN,HND,Acute Food Insecurity January 2021 (Rural + Urban),A,22066202,9304380,Jul 2021,Sep 2021,A,2021,4,615521,0.07,
HN,HND,Acute Food Insecurity January 2021 (Rural + Urban),A,22066202,9304380,Jul 2021,Sep 2021,A,2021,5,0,0,
HN,HND,Acute Food Insecurity June 2020 Projection Update,A,18168549,9905000,Jun 2020,Aug 2020,P,2020,1,1597233,0.3,
HN,HND,Acute Food Insecurity June 2020 Projection Update,A,18168549,9905000,Jun 2020,Aug 2020,P,2020,2,1876022,0.37,
HN,HND,Acute Food Insecurity June 2020 Projection Update,A,18168549,9905000,Jun 2020,Aug 2020,P,2020,3,1298601,0.25,
HN,HND,Acute Food Insecurity June 2020 Projection Update,A,18168549,9905000,Jun 2020,Aug 2020,P,2020,4,349559,0.07,
HN,HND,Acute Food Insecurity June 2020 Projection Update,A,18168549,9905000,Jun 2020,Aug 2020,P,2020,5,0,0,
HN,HND,Acute Food Insecurity November 2019,A,13981908,9746000,Mar 2020,Jun 2020,P,2019,1,2055458,0.4,
HN,HND,Acute Food Insecurity November 2019,A,13981908,9746000,Mar 2020,Jun 2020,P,2019,2,1844404,0.36,
HN,HND,Acute Food Insecurity November 2019,A,13981908,9746000,Mar 2020,Jun 2020,P,2019,3,963273,0.19,
HN,HND,Acute Food Insecurity November 2019,A,13981908,9746000,Mar 2020,Jun 2020,P,2019,4,258278,0.05,
HN,HND,Acute Food Insecurity November 2019,A,13981908,9746000,Mar 2020,Jun 2020,P,2019,5,0,0,
HN,HND,Acute Food Insecurity December 2018 (Región Golfo de Fonseca),A,13000358,9377082,Mar 2019,May 2019,P,2018,1,764445,0.55,
HN,HND,Acute Food Insecurity December 2018 (Región Golfo de Fonseca),A,13000358,9377082,Mar 2019,May 2019,P,2018,2,368452,0.26,
HN,HND,Acute Food Insecurity December 2018 (Región Golfo de Fonseca),A,13000358,9377082,Mar 2019,May 2019,P,2018,3,218416,0.16,
HN,HND,Acute Food Insecurity December 2018 (Región Golfo de Fonseca),A,13000358,9377082,Mar 2019,May 2019,P,2018,4,48993,0.03,
HN,HND,Acute Food Insecurity December 2018 (Región Golfo de Fonseca),A,13000358,9377082,Mar 2019,May 2019,P,2018,5,0,0,
HT,HTI,Acute Food Insecurity Feb 2022 (Projection Update),A,24665020,10911819,Mar 2022,Jun 2022,P,2022,1,2758414,0.28,
HT,HTI,Acute Food Insecurity Feb 2022 (Projection Update),A,24665020,10911819,Mar 2022,Jun 2022,P,2022,2,2652491,0.27,
HT,HTI,Acute Food Insecurity Feb 2022 (Projection Update),A,24665020,10911819,Mar 2022,Jun 2022,P,2022,3,3178226,0.32,
HT,HTI,Acute Food Insecurity Feb 2022 (Projection Update),A,24665020,10911819,Mar 2022,Jun 2022,P,2022,4,1317626,0.13,
HT,HTI,Acute Food Insecurity Feb 2022 (Projection Update),A,24665020,10911819,Mar 2022,Jun 2022,P,2022,5,0,0,
HT,HTI,Acute Food Insecurity Sept 2021 (Rural + Urban),A,24259834,12900000,Mar 2022,Jun 2022,P,2021,1,2784800,0.28,
HT,HTI,Acute Food Insecurity Sept 2021 (Rural + Urban),A,24259834,12900000,Mar 2022,Jun 2022,P,2021,2,2557940,0.26,
HT,HTI,Acute Food Insecurity Sept 2021 (Rural + Urban),A,24259834,12900000,Mar 2022,Jun 2022,P,2021,3,3220665,0.33,
HT,HTI,Acute Food Insecurity Sept 2021 (Rural + Urban),A,24259834,12900000,Mar 2022,Jun 2022,P,2021,4,1343352,0.14,
HT,HTI,Acute Food Insecurity Sept 2021 (Rural + Urban),A,24259834,12900000,Mar 2022,Jun 2022,P,2021,5,0,0,
HT,HTI,Acute Food Insecurity August 2020 (Rural + Urban),A,18548895,10911819,Mar 2021,Jun 2021,P,2020,1,2371987,0.25,
HT,HTI,Acute Food Insecurity August 2020 (Rural + Urban),A,18548895,10911819,Mar 2021,Jun 2021,P,2020,2,2808421,0.29,
HT,HTI,Acute Food Insecurity August 2020 (Rural + Urban),A,18548895,10911819,Mar 2021,Jun 2021,P,2020,3,3198820,0.34,
HT,HTI,Acute Food Insecurity August 2020 (Rural + Urban),A,18548895,10911819,Mar 2021,Jun 2021,P,2020,4,1156915,0.12,
HT,HTI,Acute Food Insecurity August 2020 (Rural + Urban),A,18548895,10911819,Mar 2021,Jun 2021,P,2020,5,0,0,
HT,HTI,Acute Food Insecurity October 2019 (Rural Zones + Urban),A,14116618,11263000,Mar 2020,Jun 2020,P,2019,1,3546777,0.33,
HT,HTI,Acute Food Insecurity October 2019 (Rural Zones + Urban),A,14116618,11263000,Mar 2020,Jun 2020,P,2019,2,2799105,0.27,
HT,HTI,Acute Food Insecurity October 2019 (Rural Zones + Urban),A,14116618,11263000,Mar 2020,Jun 2020,P,2019,3,2897997,0.28,
HT,HTI,Acute Food Insecurity October 2019 (Rural Zones + Urban),A,14116618,11263000,Mar 2020,Jun 2020,P,2019,4,1203283,0.12,
HT,HTI,Acute Food Insecurity October 2019 (Rural Zones + Urban),A,14116618,11263000,Mar 2020,Jun 2020,P,2019,5,0,0,
HT,HTI,Acute Food Insecurity October 2018,A,12959073,11112945,Mar 2019,Jun 2019,P,2018,1,1938387,0.28,
HT,HTI,Acute Food Insecurity October 2018,A,12959073,11112945,Mar 2019,Jun 2019,P,2018,2,2414258,0.35,
HT,HTI,Acute Food Insecurity October 2018,A,12959073,11112945,Mar 2019,Jun 2019,P,2018,3,2054160,0.29,
HT,HTI,Acute Food Insecurity October 2018,A,12959073,11112945,Mar 2019,Jun 2019,P,2018,4,571129,0.08,
HT,HTI,Acute Food Insecurity October 2018,A,12959073,11112945,Mar 2019,Jun 2019,P,2018,5,0,0,
HT,HTI,Acute Food Insecurity October 2017,A,12148833,10906004,Oct 2017,Feb 2018,C,2017,1,3011451,0.4,
HT,HTI,Acute Food Insecurity October 2017,A,12148833,10906004,Oct 2017,Feb 2018,C,2017,2,3092718,0.42,
HT,HTI,Acute Food Insecurity October 2017,A,12148833,10906004,Oct 2017,Feb 2018,C,2017,3,1188918,0.16,
HT,HTI,Acute Food Insecurity October 2017,A,12148833,10906004,Oct 2017,Feb 2018,C,2017,4,132858,0.02,
HT,HTI,Acute Food Insecurity October 2017,A,12148833,10906004,Oct 2017,Feb 2018,C,2017,5,0,0,
KE,KEN,Acute Food Insecurity February 2022 (SRA),A,24749629,54986000,Mar 2022,Jun 2022,P,2022,1,6423273,0.42,
KE,KEN,Acute Food Insecurity February 2022 (SRA),A,24749629,54986000,Mar 2022,Jun 2022,P,2022,2,5242796,0.35,
KE,KEN,Acute Food Insecurity February 2022 (SRA),A,24749629,54986000,Mar 2022,Jun 2022,P,2022,3,2728313,0.18,
KE,KEN,Acute Food Insecurity February 2022 (SRA),A,24749629,54986000,Mar 2022,Jun 2022,P,2022,4,757796,0.05,
KE,KEN,Acute Food Insecurity February 2022 (SRA),A,24749629,54986000,Mar 2022,Jun 2022,P,2022,5,0,0,
KE,KEN,Acute Food Insecurity July 2021 (LRA),A,24227781,54986000,Nov 2021,Jan 2022,P,2021,1,7544468,0.5,
KE,KEN,Acute Food Insecurity July 2021 (LRA),A,24227781,54986000,Nov 2021,Jan 2022,P,2021,2,5241474,0.35,
KE,KEN,Acute Food Insecurity July 2021 (LRA),A,24227781,54986000,Nov 2021,Jan 2022,P,2021,3,1998688,0.13,
KE,KEN,Acute Food Insecurity July 2021 (LRA),A,24227781,54986000,Nov 2021,Jan 2022,P,2021,4,367549,0.02,
KE,KEN,Acute Food Insecurity July 2021 (LRA),A,24227781,54986000,Nov 2021,Jan 2022,P,2021,5,0,0,
KE,KEN,Acute Food Insecurity August 2020 (LRA),A,19054686,53771000,Oct 2020,Dec 2020,P,2020,1,9694703,0.54,
KE,KEN,Acute Food Insecurity August 2020 (LRA),A,19054686,53771000,Oct 2020,Dec 2020,P,2020,2,6332382,0.35,
KE,KEN,Acute Food Insecurity August 2020 (LRA),A,19054686,53771000,Oct 2020,Dec 2020,P,2020,3,1483728,0.08,
KE,KEN,Acute Food Insecurity August 2020 (LRA),A,19054686,53771000,Oct 2020,Dec 2020,P,2020,4,399530,0.02,
KE,KEN,Acute Food Insecurity August 2020 (LRA),A,19054686,53771000,Oct 2020,Dec 2020,P,2020,5,0,0,
KE,KEN,Acute Food Insecurity July 2019,A,13869139,52574000,Aug 2019,Oct 2019,P,2019,1,4768703,0.34,
KE,KEN,Acute Food Insecurity July 2019,A,13869139,52574000,Aug 2019,Oct 2019,P,2019,2,6016127,0.43,
KE,KEN,Acute Food Insecurity July 2019,A,13869139,52574000,Aug 2019,Oct 2019,P,2019,3,2739331,0.2,
KE,KEN,Acute Food Insecurity July 2019,A,13869139,52574000,Aug 2019,Oct 2019,P,2019,4,357283,0.03,
KE,KEN,Acute Food Insecurity July 2019,A,13869139,52574000,Aug 2019,Oct 2019,P,2019,5,0,0,
LAC,,Acute Food Insecurity November 2021,A,24544165,32886284,Jun 2022,Aug 2022,A,2021,1,191610,0.37,
LAC,,Acute Food Insecurity November 2021,A,24544165,32886284,Jun 2022,Aug 2022,A,2021,2,177104,0.34,
LAC,,Acute Food Insecurity November 2021,A,24544165,32886284,Jun 2022,Aug 2022,A,2021,3,134431,0.26,
LAC,,Acute Food Insecurity November 2021,A,24544165,32886284,Jun 2022,Aug 2022,A,2021,4,12250,0.02,
LAC,,Acute Food Insecurity November 2021,A,24544165,32886284,Jun 2022,Aug 2022,A,2021,5,0,0,
LAC,,Acute Food Insecurity October 2020,A,21071143,32483755,Jun 2021,Aug 2021,A,2020,1,147530,0.3,
LAC,,Acute Food Insecurity October 2020,A,21071143,32483755,Jun 2021,Aug 2021,A,2020,2,181257,0.37,
LAC,,Acute Food Insecurity October 2020,A,21071143,32483755,Jun 2021,Aug 2021,A,2020,3,139376,0.29,
LAC,,Acute Food Insecurity October 2020,A,21071143,32483755,Jun 2021,Aug 2021,A,2020,4,17364,0.04,
LAC,,Acute Food Insecurity October 2020,A,21071143,32483755,Jun 2021,Aug 2021,A,2020,5,0,0,
LAC,,Acute Food Insecurity October 2019,A,14043982,33780000,Feb 2020,May 2020,P,2019,1,199627,0.41,
LAC,,Acute Food Insecurity October 2019,A,14043982,33780000,Feb 2020,May 2020,P,2019,2,154906,0.33,
LAC,,Acute Food Insecurity October 2019,A,14043982,33780000,Feb 2020,May 2020,P,2019,3,112372,0.24,
LAC,,Acute Food Insecurity October 2019,A,14043982,33780000,Feb 2020,May 2020,P,2019,4,7528,0.02,
LAC,,Acute Food Insecurity October 2019,A,14043982,33780000,Feb 2020,May 2020,P,2019,5,0,0,
LAC,,Acute Food Insecurity November 2018,A,12941902,33254000,Feb 2019,Apr 2019,P,2018,1,2e+05,0.5,
LAC,,Acute Food Insecurity November 2018,A,12941902,33254000,Feb 2019,Apr 2019,P,2018,2,127870,0.32,
LAC,,Acute Food Insecurity November 2018,A,12941902,33254000,Feb 2019,Apr 2019,P,2018,3,71000,0.17,
LAC,,Acute Food Insecurity November 2018,A,12941902,33254000,Feb 2019,Apr 2019,P,2018,4,5200,0.01,
LAC,,Acute Food Insecurity November 2018,A,12941902,33254000,Feb 2019,Apr 2019,P,2018,5,0,0,
LR,LBR,Cadre Harmonisé Analysis March 2021,A,23283375,5170000,Jun 2021,Aug 2021,P,2021,1,2264674,0.48,
LR,LBR,Cadre Harmonisé Analysis March 2021,A,23283375,5170000,Jun 2021,Aug 2021,P,2021,2,1510122,0.32,
LR,LBR,Cadre Harmonisé Analysis March 2021,A,23283375,5170000,Jun 2021,Aug 2021,P,2021,3,776050,0.16,
LR,LBR,Cadre Harmonisé Analysis March 2021,A,23283375,5170000,Jun 2021,Aug 2021,P,2021,4,163331,0.03,
LR,LBR,Cadre Harmonisé Analysis March 2021,A,23283375,5170000,Jun 2021,Aug 2021,P,2021,5,0,0,
LR,LBR,Cadre Harmonisé Analysis October 2020,A,19971735,5170000,Jun 2021,Aug 2021,P,2020,1,2482143,0.54,
LR,LBR,Cadre Harmonisé Analysis October 2020,A,19971735,5170000,Jun 2021,Aug 2021,P,2020,2,1532118,0.34,
LR,LBR,Cadre Harmonisé Analysis October 2020,A,19971735,5170000,Jun 2021,Aug 2021,P,2020,3,510820,0.11,
LR,LBR,Cadre Harmonisé Analysis October 2020,A,19971735,5170000,Jun 2021,Aug 2021,P,2020,4,43217,0.01,
LR,LBR,Cadre Harmonisé Analysis October 2020,A,19971735,5170000,Jun 2021,Aug 2021,P,2020,5,0,0,
LS,LSO,Acute Food Insecurity November 2021,A,24574029,2100000,Jan 2022,Mar 2022,P,2021,1,609763,0.41,
LS,LSO,Acute Food Insecurity November 2021,A,24574029,2100000,Jan 2022,Mar 2022,P,2021,2,527840,0.36,
LS,LSO,Acute Food Insecurity November 2021,A,24574029,2100000,Jan 2022,Mar 2022,P,2021,3,311868,0.21,
LS,LSO,Acute Food Insecurity November 2021,A,24574029,2100000,Jan 2022,Mar 2022,P,2021,4,25643,0.02,
LS,LSO,Acute Food Insecurity November 2021,A,24574029,2100000,Jan 2022,Mar 2022,P,2021,5,0,0,
LS,LSO,Acute Food Insecurity July 2020,A,18533009,2008801,Oct 2020,Mar 2021,P,2020,1,404447,0.28,
LS,LSO,Acute Food Insecurity July 2020,A,18533009,2008801,Oct 2020,Mar 2021,P,2020,2,478529,0.33,
LS,LSO,Acute Food Insecurity July 2020,A,18533009,2008801,Oct 2020,Mar 2021,P,2020,3,481725,0.33,
LS,LSO,Acute Food Insecurity July 2020,A,18533009,2008801,Oct 2020,Mar 2021,P,2020,4,100444,0.07,
LS,LSO,Acute Food Insecurity July 2020,A,18533009,2008801,Oct 2020,Mar 2021,P,2020,5,0,0,
LS,LSO,Acute Food Insecurity June 2019,A,13578389,2293000,Oct 2019,Mar 2020,P,2019,1,467696,0.32,
LS,LSO,Acute Food Insecurity June 2019,A,13578389,2293000,Oct 2019,Mar 2020,P,2019,2,553832,0.38,
LS,LSO,Acute Food Insecurity June 2019,A,13578389,2293000,Oct 2019,Mar 2020,P,2019,3,362503,0.25,
LS,LSO,Acute Food Insecurity June 2019,A,13578389,2293000,Oct 2019,Mar 2020,P,2019,4,71224,0.05,
LS,LSO,Acute Food Insecurity June 2019,A,13578389,2293000,Oct 2019,Mar 2020,P,2019,5,0,0,
LS,LSO,Acute Food Insecurity Nov 2018 (Projection Update),A,12960452,2272021,Dec 2018,Feb 2019,P,2018,1,702787,0.48,
LS,LSO,Acute Food Insecurity Nov 2018 (Projection Update),A,12960452,2272021,Dec 2018,Feb 2019,P,2018,2,477801,0.33,
LS,LSO,Acute Food Insecurity Nov 2018 (Projection Update),A,12960452,2272021,Dec 2018,Feb 2019,P,2018,3,230683,0.16,
LS,LSO,Acute Food Insecurity Nov 2018 (Projection Update),A,12960452,2272021,Dec 2018,Feb 2019,P,2018,4,42984,0.03,
LS,LSO,Acute Food Insecurity Nov 2018 (Projection Update),A,12960452,2272021,Dec 2018,Feb 2019,P,2018,5,0,0,
LS,LSO,Acute Food Insecurity July 2017,A,12152173,1951688,Oct 2017,Mar 2018,P,2017,1,886304,0.63,
LS,LSO,Acute Food Insecurity July 2017,A,12152173,1951688,Oct 2017,Mar 2018,P,2017,2,320998,0.23,
LS,LSO,Acute Food Insecurity July 2017,A,12152173,1951688,Oct 2017,Mar 2018,P,2017,3,144270,0.1,
LS,LSO,Acute Food Insecurity July 2017,A,12152173,1951688,Oct 2017,Mar 2018,P,2017,4,80394,0.06,
LS,LSO,Acute Food Insecurity July 2017,A,12152173,1951688,Oct 2017,Mar 2018,P,2017,5,0,0,
MG,MDG,Acute Food Insecurity April 2022 (GrandSud/Est),A,25217536,29000000,Apr 2022,Aug 2022,C,2022,1,1423977,0.27,
MG,MDG,Acute Food Insecurity April 2022 (GrandSud/Est),A,25217536,29000000,Apr 2022,Aug 2022,C,2022,2,2142498,0.41,
MG,MDG,Acute Food Insecurity April 2022 (GrandSud/Est),A,25217536,29000000,Apr 2022,Aug 2022,C,2022,3,1495073,0.28,
MG,MDG,Acute Food Insecurity April 2022 (GrandSud/Est),A,25217536,29000000,Apr 2022,Aug 2022,C,2022,4,189056,0.04,
MG,MDG,Acute Food Insecurity April 2022 (GrandSud/Est),A,25217536,29000000,Apr 2022,Aug 2022,C,2022,5,0,0,
MG,MDG,Acute Food Insecurity November 2021 (GrandSud/Est),A,24505483,27891778,May 2022,Aug 2022,A,2021,1,1287045,0.29,
MG,MDG,Acute Food Insecurity November 2021 (GrandSud/Est),A,24505483,27891778,May 2022,Aug 2022,A,2021,2,2039369,0.46,
MG,MDG,Acute Food Insecurity November 2021 (GrandSud/Est),A,24505483,27891778,May 2022,Aug 2022,A,2021,3,911630,0.21,
MG,MDG,Acute Food Insecurity November 2021 (GrandSud/Est),A,24505483,27891778,May 2022,Aug 2022,A,2021,4,181533,0.04,
MG,MDG,Acute Food Insecurity November 2021 (GrandSud/Est),A,24505483,27891778,May 2022,Aug 2022,A,2021,5,0,0,
MG,MDG,Acute Food Insecurity November 2020 (G.Sud- Sud E),A,21142855,25680342,Jan 2021,Apr 2021,P,2020,1,942182,0.24,
MG,MDG,Acute Food Insecurity November 2020 (G.Sud- Sud E),A,21142855,25680342,Jan 2021,Apr 2021,P,2020,2,1617677,0.42,
MG,MDG,Acute Food Insecurity November 2020 (G.Sud- Sud E),A,21142855,25680342,Jan 2021,Apr 2021,P,2020,3,1067021,0.27,
MG,MDG,Acute Food Insecurity November 2020 (G.Sud- Sud E),A,21142855,25680342,Jan 2021,Apr 2021,P,2020,4,281748,0.07,
MG,MDG,Acute Food Insecurity November 2020 (G.Sud- Sud E),A,21142855,25680342,Jan 2021,Apr 2021,P,2020,5,0,0,
MG,MDG,Acute Food Insecurity October 2019 (Grand Sud - Grand Sud Est),A,13974143,26969000,Apr 2020,Jun 2020,A,2019,1,1878596,0.52,
MG,MDG,Acute Food Insecurity October 2019 (Grand Sud - Grand Sud Est),A,13974143,26969000,Apr 2020,Jun 2020,A,2019,2,1268875,0.36,
MG,MDG,Acute Food Insecurity October 2019 (Grand Sud - Grand Sud Est),A,13974143,26969000,Apr 2020,Jun 2020,A,2019,3,414713,0.12,
MG,MDG,Acute Food Insecurity October 2019 (Grand Sud - Grand Sud Est),A,13974143,26969000,Apr 2020,Jun 2020,A,2019,4,0,0,
MG,MDG,Acute Food Insecurity October 2019 (Grand Sud - Grand Sud Est),A,13974143,26969000,Apr 2020,Jun 2020,A,2019,5,0,0,
MG,MDG,Acute Food Insecurity October 2018 (Sud/Sud Est),A,12940680,26262000,Nov 2018,Mar 2019,P,2018,1,1957163,0.43,
MG,MDG,Acute Food Insecurity October 2018 (Sud/Sud Est),A,12940680,26262000,Nov 2018,Mar 2019,P,2018,2,1336937,0.29,
MG,MDG,Acute Food Insecurity October 2018 (Sud/Sud Est),A,12940680,26262000,Nov 2018,Mar 2019,P,2018,3,940615,0.2,
MG,MDG,Acute Food Insecurity October 2018 (Sud/Sud Est),A,12940680,26262000,Nov 2018,Mar 2019,P,2018,4,366360,0.08,
MG,MDG,Acute Food Insecurity October 2018 (Sud/Sud Est),A,12940680,26262000,Nov 2018,Mar 2019,P,2018,5,0,0,
MG,MDG,Acute Food Insecurity October 2017 (Sud/Sud Est),A,12151843,24301024,Nov 2017,Mar 2018,P,2017,1,576680,0.19,
MG,MDG,Acute Food Insecurity October 2017 (Sud/Sud Est),A,12151843,24301024,Nov 2017,Mar 2018,P,2017,2,667717,0.22,
MG,MDG,Acute Food Insecurity October 2017 (Sud/Sud Est),A,12151843,24301024,Nov 2017,Mar 2018,P,2017,3,1130323,0.38,
MG,MDG,Acute Food Insecurity October 2017 (Sud/Sud Est),A,12151843,24301024,Nov 2017,Mar 2018,P,2017,4,392145,0.13,
MG,MDG,Acute Food Insecurity October 2017 (Sud/Sud Est),A,12151843,24301024,Nov 2017,Mar 2018,P,2017,5,0,0,
ML,MLI,Cadre Harmonisé Analysis March 2022 (Projection),A,24967258,21696914,Jun 2022,Aug 2022,P,2022,1,15442554,0.71,
ML,MLI,Cadre Harmonisé Analysis March 2022 (Projection),A,24967258,21696914,Jun 2022,Aug 2022,P,2022,2,4417117,0.2,
ML,MLI,Cadre Harmonisé Analysis March 2022 (Projection),A,24967258,21696914,Jun 2022,Aug 2022,P,2022,3,1680684,0.08,
ML,MLI,Cadre Harmonisé Analysis March 2022 (Projection),A,24967258,21696914,Jun 2022,Aug 2022,P,2022,4,156560,0.01,
ML,MLI,Cadre Harmonisé Analysis March 2022 (Projection),A,24967258,21696914,Jun 2022,Aug 2022,P,2022,5,0,0,
ML,MLI,Cadre Harmonisé Analysis November 2021,A,24468390,21696914,Jun 2022,Aug 2022,P,2021,1,15442554,0.71,
ML,MLI,Cadre Harmonisé Analysis November 2021,A,24468390,21696914,Jun 2022,Aug 2022,P,2021,2,4417117,0.2,
ML,MLI,Cadre Harmonisé Analysis November 2021,A,24468390,21696914,Jun 2022,Aug 2022,P,2021,3,1680684,0.08,
ML,MLI,Cadre Harmonisé Analysis November 2021,A,24468390,21696914,Jun 2022,Aug 2022,P,2021,4,156560,0.01,
ML,MLI,Cadre Harmonisé Analysis November 2021,A,24468390,21696914,Jun 2022,Aug 2022,P,2021,5,0,0,
ML,MLI,Cadre Harmonisé Analysis November 2020,A,19972441,21112000,Jun 2021,Aug 2021,P,2020,1,16158897,0.77,
ML,MLI,Cadre Harmonisé Analysis November 2020,A,19972441,21112000,Jun 2021,Aug 2021,P,2020,2,3761599,0.18,
ML,MLI,Cadre Harmonisé Analysis November 2020,A,19972441,21112000,Jun 2021,Aug 2021,P,2020,3,921087,0.04,
ML,MLI,Cadre Harmonisé Analysis November 2020,A,19972441,21112000,Jun 2021,Aug 2021,P,2020,4,33848,0,
ML,MLI,Cadre Harmonisé Analysis November 2020,A,19972441,21112000,Jun 2021,Aug 2021,P,2020,5,0,0,
MR,MRT,Cadre Harmonisé Analysis March 2022,A,24778452,4372039,Jun 2022,Aug 2022,P,2022,1,2044956,0.47,
MR,MRT,Cadre Harmonisé Analysis March 2022,A,24778452,4372039,Jun 2022,Aug 2022,P,2022,2,1434953,0.33,
MR,MRT,Cadre Harmonisé Analysis March 2022,A,24778452,4372039,Jun 2022,Aug 2022,P,2022,3,795937,0.18,
MR,MRT,Cadre Harmonisé Analysis March 2022,A,24778452,4372039,Jun 2022,Aug 2022,P,2022,4,83429,0.02,
MR,MRT,Cadre Harmonisé Analysis March 2022,A,24778452,4372039,Jun 2022,Aug 2022,P,2022,5,0,0,
MR,MRT,Cadre Harmonisé Analysis November 2021,A,24468542,4372039,Jun 2022,Aug 2022,P,2021,1,2513113,0.57,
MR,MRT,Cadre Harmonisé Analysis November 2021,A,24468542,4372039,Jun 2022,Aug 2022,P,2021,2,1197852,0.27,
MR,MRT,Cadre Harmonisé Analysis November 2021,A,24468542,4372039,Jun 2022,Aug 2022,P,2021,3,627317,0.14,
MR,MRT,Cadre Harmonisé Analysis November 2021,A,24468542,4372039,Jun 2022,Aug 2022,P,2021,4,33757,0.01,
MR,MRT,Cadre Harmonisé Analysis November 2021,A,24468542,4372039,Jun 2022,Aug 2022,P,2021,5,0,0,
MR,MRT,Cadre Harmonisé Analysis November 2020,A,21772969,4179676,Jun 2021,Aug 2021,P,2020,1,2733981,0.65,
MR,MRT,Cadre Harmonisé Analysis November 2020,A,21772969,4179676,Jun 2021,Aug 2021,P,2020,2,1036163,0.25,
MR,MRT,Cadre Harmonisé Analysis November 2020,A,21772969,4179676,Jun 2021,Aug 2021,P,2020,3,389393,0.09,
MR,MRT,Cadre Harmonisé Analysis November 2020,A,21772969,4179676,Jun 2021,Aug 2021,P,2020,4,20142,0,
MR,MRT,Cadre Harmonisé Analysis November 2020,A,21772969,4179676,Jun 2021,Aug 2021,P,2020,5,0,0,
MW,MWI,Acute Food Insecurity November 2021,A,24542444,18827607,Jan 2022,Mar 2022,P,2021,1,12172448,0.65,
MW,MWI,Acute Food Insecurity November 2021,A,24542444,18827607,Jan 2022,Mar 2022,P,2021,2,5001884,0.27,
MW,MWI,Acute Food Insecurity November 2021,A,24542444,18827607,Jan 2022,Mar 2022,P,2021,3,1653275,0.09,
MW,MWI,Acute Food Insecurity November 2021,A,24542444,18827607,Jan 2022,Mar 2022,P,2021,4,0,0,
MW,MWI,Acute Food Insecurity November 2021,A,24542444,18827607,Jan 2022,Mar 2022,P,2021,5,0,0,
MW,MWI,Acute Food Insecurity Analysis November 2020,A,21180544,19718415,Jan 2021,Mar 2021,P,2020,1,8768789,0.5,
MW,MWI,Acute Food Insecurity Analysis November 2020,A,21180544,19718415,Jan 2021,Mar 2021,P,2020,2,6266629,0.35,
MW,MWI,Acute Food Insecurity Analysis November 2020,A,21180544,19718415,Jan 2021,Mar 2021,P,2020,3,2509092,0.14,
MW,MWI,Acute Food Insecurity Analysis November 2020,A,21180544,19718415,Jan 2021,Mar 2021,P,2020,4,133448,0.01,
MW,MWI,Acute Food Insecurity Analysis November 2020,A,21180544,19718415,Jan 2021,Mar 2021,P,2020,5,0,0,
MW,MWI,Acute Food Insecurity Nov 2019 (Projection Update),A,14042630,18771580,Nov 2019,Mar 2020,P,2019,1,8539890,0.58,
MW,MWI,Acute Food Insecurity Nov 2019 (Projection Update),A,14042630,18771580,Nov 2019,Mar 2020,P,2019,2,4314757,0.29,
MW,MWI,Acute Food Insecurity Nov 2019 (Projection Update),A,14042630,18771580,Nov 2019,Mar 2020,P,2019,3,1862755,0.13,
MW,MWI,Acute Food Insecurity Nov 2019 (Projection Update),A,14042630,18771580,Nov 2019,Mar 2020,P,2019,4,16650,0,
MW,MWI,Acute Food Insecurity Nov 2019 (Projection Update),A,14042630,18771580,Nov 2019,Mar 2020,P,2019,5,0,0,
MW,MWI,Acute Food Insecurity August 2018,A,23179902,18771580,Oct 2018,Mar 2019,P,2018,1,6914281,0.45,
MW,MWI,Acute Food Insecurity August 2018,A,23179902,18771580,Oct 2018,Mar 2019,P,2018,2,5030024,0.33,
MW,MWI,Acute Food Insecurity August 2018,A,23179902,18771580,Oct 2018,Mar 2019,P,2018,3,2857238,0.19,
MW,MWI,Acute Food Insecurity August 2018,A,23179902,18771580,Oct 2018,Mar 2019,P,2018,4,449153,0.03,
MW,MWI,Acute Food Insecurity August 2018,A,23179902,18771580,Oct 2018,Mar 2019,P,2018,5,0,0,
MW,MWI,Acute Food Insecurity July 2017,A,12152462,18771580,Oct 2017,Mar 2018,P,2017,1,9936000,0.7,
MW,MWI,Acute Food Insecurity July 2017,A,12152462,18771580,Oct 2017,Mar 2018,P,2017,2,3112000,0.22,
MW,MWI,Acute Food Insecurity July 2017,A,12152462,18771580,Oct 2017,Mar 2018,P,2017,3,1043000,0.07,
MW,MWI,Acute Food Insecurity July 2017,A,12152462,18771580,Oct 2017,Mar 2018,P,2017,4,0,0,
MW,MWI,Acute Food Insecurity July 2017,A,12152462,18771580,Oct 2017,Mar 2018,P,2017,5,0,0,
MZ,MOZ,Acute Food Insecurity November 2021,A,24498746,30832244,Apr 2022,Sep 2022,P,2021,1,7128616,0.49,
MZ,MOZ,Acute Food Insecurity November 2021,A,24498746,30832244,Apr 2022,Sep 2022,P,2021,2,5947710,0.41,
MZ,MOZ,Acute Food Insecurity November 2021,A,24498746,30832244,Apr 2022,Sep 2022,P,2021,3,1419830,0.1,
MZ,MOZ,Acute Food Insecurity November 2021,A,24498746,30832244,Apr 2022,Sep 2022,P,2021,4,23553,0,
MZ,MOZ,Acute Food Insecurity November 2021,A,24498746,30832244,Apr 2022,Sep 2022,P,2021,5,0,0,
MZ,MOZ,Acute Food Insecurity October 2020 (Rural + Urban),A,21509438,30066648,Apr 2021,Sep 2021,A,2020,1,8238200,0.45,
MZ,MOZ,Acute Food Insecurity October 2020 (Rural + Urban),A,21509438,30066648,Apr 2021,Sep 2021,A,2020,2,8253620,0.45,
MZ,MOZ,Acute Food Insecurity October 2020 (Rural + Urban),A,21509438,30066648,Apr 2021,Sep 2021,A,2020,3,1424395,0.08,
MZ,MOZ,Acute Food Insecurity October 2020 (Rural + Urban),A,21509438,30066648,Apr 2021,Sep 2021,A,2020,4,226854,0.01,
MZ,MOZ,Acute Food Insecurity October 2020 (Rural + Urban),A,21509438,30066648,Apr 2021,Sep 2021,A,2020,5,0,0,
MZ,MOZ,Acute Food Insecurity June 2019 (39 districts),A,13588146,27909798,Oct 2019,Feb 2020,P,2019,1,1693964,0.34,
MZ,MOZ,Acute Food Insecurity June 2019 (39 districts),A,13588146,27909798,Oct 2019,Feb 2020,P,2019,2,1600589,0.32,
MZ,MOZ,Acute Food Insecurity June 2019 (39 districts),A,13588146,27909798,Oct 2019,Feb 2020,P,2019,3,1424615,0.29,
MZ,MOZ,Acute Food Insecurity June 2019 (39 districts),A,13588146,27909798,Oct 2019,Feb 2020,P,2019,4,264793,0.05,
MZ,MOZ,Acute Food Insecurity June 2019 (39 districts),A,13588146,27909798,Oct 2019,Feb 2020,P,2019,5,0,0,
MZ,MOZ,Acute Food Insecurity October 2018,A,12907230,30528673,Jan 2019,Mar 2019,P,2018,1,17139999,0.6,
MZ,MOZ,Acute Food Insecurity October 2018,A,12907230,30528673,Jan 2019,Mar 2019,P,2018,2,9595831,0.33,
MZ,MOZ,Acute Food Insecurity October 2018,A,12907230,30528673,Jan 2019,Mar 2019,P,2018,3,1565773,0.05,
MZ,MOZ,Acute Food Insecurity October 2018,A,12907230,30528673,Jan 2019,Mar 2019,P,2018,4,464294,0.02,
MZ,MOZ,Acute Food Insecurity October 2018,A,12907230,30528673,Jan 2019,Mar 2019,P,2018,5,0,0,
MZ,MOZ,Acute Food Insecurity July 2017,A,14398432,26423623,Oct 2017,Mar 2018,P,2017,1,17777724,0.95,
MZ,MOZ,Acute Food Insecurity July 2017,A,14398432,26423623,Oct 2017,Mar 2018,P,2017,2,603103,0.03,
MZ,MOZ,Acute Food Insecurity July 2017,A,14398432,26423623,Oct 2017,Mar 2018,P,2017,3,361067,0.02,
MZ,MOZ,Acute Food Insecurity July 2017,A,14398432,26423623,Oct 2017,Mar 2018,P,2017,4,0,0,
MZ,MOZ,Acute Food Insecurity July 2017,A,14398432,26423623,Oct 2017,Mar 2018,P,2017,5,0,0,
NA,NAM,Acute Food Insecurity October 2021,A,24400104,2550226,Dec 2021,Mar 2022,P,2021,1,964175,0.38,
NA,NAM,Acute Food Insecurity October 2021,A,24400104,2550226,Dec 2021,Mar 2022,P,2021,2,835739,0.33,
NA,NAM,Acute Food Insecurity October 2021,A,24400104,2550226,Dec 2021,Mar 2022,P,2021,3,631697,0.25,
NA,NAM,Acute Food Insecurity October 2021,A,24400104,2550226,Dec 2021,Mar 2022,P,2021,4,118616,0.05,
NA,NAM,Acute Food Insecurity October 2021,A,24400104,2550226,Dec 2021,Mar 2022,P,2021,5,0,0,
NA,NAM,Acute Food Insecurity July 2020,A,18584762,2541000,Oct 2020,Mar 2021,P,2020,1,1164920,0.52,
NA,NAM,Acute Food Insecurity July 2020,A,18584762,2541000,Oct 2020,Mar 2021,P,2020,2,650670,0.29,
NA,NAM,Acute Food Insecurity July 2020,A,18584762,2541000,Oct 2020,Mar 2021,P,2020,3,426310,0.19,
NA,NAM,Acute Food Insecurity July 2020,A,18584762,2541000,Oct 2020,Mar 2021,P,2020,4,14300,0.01,
NA,NAM,Acute Food Insecurity July 2020,A,18584762,2541000,Oct 2020,Mar 2021,P,2020,5,0,0,
NA,NAM,Acute Food Insecurity October 2019,A,14063811,2495000,Apr 2020,Sep 2020,P,2019,1,1217600,0.5,
NA,NAM,Acute Food Insecurity October 2019,A,14063811,2495000,Apr 2020,Sep 2020,P,2019,2,841605,0.35,
NA,NAM,Acute Food Insecurity October 2019,A,14063811,2495000,Apr 2020,Sep 2020,P,2019,3,354438,0.15,
NA,NAM,Acute Food Insecurity October 2019,A,14063811,2495000,Apr 2020,Sep 2020,P,2019,4,0,0,
NA,NAM,Acute Food Insecurity October 2019,A,14063811,2495000,Apr 2020,Sep 2020,P,2019,5,0,0,
NE,NER,Cadre Harmonisé Analysis March 2022,A,24778658,24937140,Jun 2022,Aug 2022,P,2022,1,13217392,0.53,
NE,NER,Cadre Harmonisé Analysis March 2022,A,24778658,24937140,Jun 2022,Aug 2022,P,2022,2,7313342,0.29,
NE,NER,Cadre Harmonisé Analysis March 2022,A,24778658,24937140,Jun 2022,Aug 2022,P,2022,3,3976601,0.16,
NE,NER,Cadre Harmonisé Analysis March 2022,A,24778658,24937140,Jun 2022,Aug 2022,P,2022,4,425805,0.02,
NE,NER,Cadre Harmonisé Analysis March 2022,A,24778658,24937140,Jun 2022,Aug 2022,P,2022,5,0,0,
NE,NER,Cadre Harmonisé Analysis November 2021,A,24468683,24937140,Jun 2022,Aug 2022,P,2021,1,14226080,0.57,
NE,NER,Cadre Harmonisé Analysis November 2021,A,24468683,24937140,Jun 2022,Aug 2022,P,2021,2,7069076,0.28,
NE,NER,Cadre Harmonisé Analysis November 2021,A,24468683,24937140,Jun 2022,Aug 2022,P,2021,3,3337933,0.13,
NE,NER,Cadre Harmonisé Analysis November 2021,A,24468683,24937140,Jun 2022,Aug 2022,P,2021,4,300050,0.01,
NE,NER,Cadre Harmonisé Analysis November 2021,A,24468683,24937140,Jun 2022,Aug 2022,P,2021,5,0,0,
NE,NER,Cadre Harmonisé Analysis November 2020,A,21198811,24560000,Jun 2021,Aug 2021,P,2020,1,15680004,0.69,
NE,NER,Cadre Harmonisé Analysis November 2020,A,21198811,24560000,Jun 2021,Aug 2021,P,2020,2,5366338,0.24,
NE,NER,Cadre Harmonisé Analysis November 2020,A,21198811,24560000,Jun 2021,Aug 2021,P,2020,3,1648008,0.07,
NE,NER,Cadre Harmonisé Analysis November 2020,A,21198811,24560000,Jun 2021,Aug 2021,P,2020,4,83296,0,
NE,NER,Cadre Harmonisé Analysis November 2020,A,21198811,24560000,Jun 2021,Aug 2021,P,2020,5,0,0,
NG,NGA,Cadre Harmonisé Analysis March 2022,A,24736620,212102550,Jun 2022,Aug 2022,P,2022,1,98827486,0.62,
NG,NGA,Cadre Harmonisé Analysis March 2022,A,24736620,212102550,Jun 2022,Aug 2022,P,2022,2,40785233,0.26,
NG,NGA,Cadre Harmonisé Analysis March 2022,A,24736620,212102550,Jun 2022,Aug 2022,P,2022,3,18276846,0.11,
NG,NGA,Cadre Harmonisé Analysis March 2022,A,24736620,212102550,Jun 2022,Aug 2022,P,2022,4,1176459,0.01,
NG,NGA,Cadre Harmonisé Analysis March 2022,A,24736620,212102550,Jun 2022,Aug 2022,P,2022,5,0,0,
NG,NGA,Cadre Harmonisé Analysis Octobre 2021,A,24469185,212102550,Jun 2022,Aug 2022,P,2021,1,95809185,0.6,
NG,NGA,Cadre Harmonisé Analysis Octobre 2021,A,24469185,212102550,Jun 2022,Aug 2022,P,2021,2,45410625,0.29,
NG,NGA,Cadre Harmonisé Analysis Octobre 2021,A,24469185,212102550,Jun 2022,Aug 2022,P,2021,3,17347080,0.11,
NG,NGA,Cadre Harmonisé Analysis Octobre 2021,A,24469185,212102550,Jun 2022,Aug 2022,P,2021,4,616288,0,
NG,NGA,Cadre Harmonisé Analysis Octobre 2021,A,24469185,212102550,Jun 2022,Aug 2022,P,2021,5,13550,0,
NG,NGA,Cadre Harmonisé Analysis October 2020,A,19975524,212102250,Jun 2021,Aug 2021,P,2020,1,61505746,0.6,
NG,NGA,Cadre Harmonisé Analysis October 2020,A,19975524,212102250,Jun 2021,Aug 2021,P,2020,2,28759909,0.28,
NG,NGA,Cadre Harmonisé Analysis October 2020,A,19975524,212102250,Jun 2021,Aug 2021,P,2020,3,11735360,0.11,
NG,NGA,Cadre Harmonisé Analysis October 2020,A,19975524,212102250,Jun 2021,Aug 2021,P,2020,4,1225617,0.01,
NG,NGA,Cadre Harmonisé Analysis October 2020,A,19975524,212102250,Jun 2021,Aug 2021,P,2020,5,0,0,
PK,PAK,Acute Food Insecurity October 2021 Sindh/Baloch/KP,A,24439244,215250000,Apr 2022,Jun 2022,P,2021,1,7447917,0.4,
PK,PAK,Acute Food Insecurity October 2021 Sindh/Baloch/KP,A,24439244,215250000,Apr 2022,Jun 2022,P,2021,2,6451419,0.35,
PK,PAK,Acute Food Insecurity October 2021 Sindh/Baloch/KP,A,24439244,215250000,Apr 2022,Jun 2022,P,2021,3,3655630,0.2,
PK,PAK,Acute Food Insecurity October 2021 Sindh/Baloch/KP,A,24439244,215250000,Apr 2022,Jun 2022,P,2021,4,1030258,0.06,
PK,PAK,Acute Food Insecurity October 2021 Sindh/Baloch/KP,A,24439244,215250000,Apr 2022,Jun 2022,P,2021,5,0,0,
PK,PAK,Acute Food Insecurity Jan 2020-Khyber Pakhtunkhwa,A,18202000,220892000,Jun 2020,Aug 2020,P,2020,1,2318820,0.46,
PK,PAK,Acute Food Insecurity Jan 2020-Khyber Pakhtunkhwa,A,18202000,220892000,Jun 2020,Aug 2020,P,2020,2,1465506,0.29,
PK,PAK,Acute Food Insecurity Jan 2020-Khyber Pakhtunkhwa,A,18202000,220892000,Jun 2020,Aug 2020,P,2020,3,864696,0.17,
PK,PAK,Acute Food Insecurity Jan 2020-Khyber Pakhtunkhwa,A,18202000,220892000,Jun 2020,Aug 2020,P,2020,4,371411,0.07,
PK,PAK,Acute Food Insecurity Jan 2020-Khyber Pakhtunkhwa,A,18202000,220892000,Jun 2020,Aug 2020,P,2020,5,0,0,
PK,PAK,Acute Food Insecurity April 2019 (Sindh & Balochistan),A,13850093,216565000,Jul 2019,Nov 2019,P,2019,1,1495925,0.25,
PK,PAK,Acute Food Insecurity April 2019 (Sindh & Balochistan),A,13850093,216565000,Jul 2019,Nov 2019,P,2019,2,1426284,0.24,
PK,PAK,Acute Food Insecurity April 2019 (Sindh & Balochistan),A,13850093,216565000,Jul 2019,Nov 2019,P,2019,3,2020926,0.34,
PK,PAK,Acute Food Insecurity April 2019 (Sindh & Balochistan),A,13850093,216565000,Jul 2019,Nov 2019,P,2019,4,1017948,0.17,
PK,PAK,Acute Food Insecurity April 2019 (Sindh & Balochistan),A,13850093,216565000,Jul 2019,Nov 2019,P,2019,5,0,0,
PK,PAK,Acute Food Insecurity May 2017 (Sindh) ,A,12174517,197525005,Feb 2017,Aug 2017,C,2017,1,1476518,0.27,
PK,PAK,Acute Food Insecurity May 2017 (Sindh) ,A,12174517,197525005,Feb 2017,Aug 2017,C,2017,2,1237867,0.23,
PK,PAK,Acute Food Insecurity May 2017 (Sindh) ,A,12174517,197525005,Feb 2017,Aug 2017,C,2017,3,1328465,0.24,
PK,PAK,Acute Food Insecurity May 2017 (Sindh) ,A,12174517,197525005,Feb 2017,Aug 2017,C,2017,4,1398357,0.26,
PK,PAK,Acute Food Insecurity May 2017 (Sindh) ,A,12174517,197525005,Feb 2017,Aug 2017,C,2017,5,0,0,
SD,SDN,Acute Food Insecurity April 2021,A,24004104,46796616,Oct 2021,Feb 2022,A,2021,1,25605121,0.55,
SD,SDN,Acute Food Insecurity April 2021,A,24004104,46796616,Oct 2021,Feb 2022,A,2021,2,15007696,0.32,
SD,SDN,Acute Food Insecurity April 2021,A,24004104,46796616,Oct 2021,Feb 2022,A,2021,3,4631480,0.1,
SD,SDN,Acute Food Insecurity April 2021,A,24004104,46796616,Oct 2021,Feb 2022,A,2021,4,1324529,0.03,
SD,SDN,Acute Food Insecurity April 2021,A,24004104,46796616,Oct 2021,Feb 2022,A,2021,5,0,0,
SD,SDN,Acute Food Insecurity November 2020 (Proj Update),A,19191589,45319635,Oct 2020,Dec 2020,P,2020,1,20507606,0.46,
SD,SDN,Acute Food Insecurity November 2020 (Proj Update),A,19191589,45319635,Oct 2020,Dec 2020,P,2020,2,17407791,0.39,
SD,SDN,Acute Food Insecurity November 2020 (Proj Update),A,19191589,45319635,Oct 2020,Dec 2020,P,2020,3,5800371,0.13,
SD,SDN,Acute Food Insecurity November 2020 (Proj Update),A,19191589,45319635,Oct 2020,Dec 2020,P,2020,4,1296808,0.03,
SD,SDN,Acute Food Insecurity November 2020 (Proj Update),A,19191589,45319635,Oct 2020,Dec 2020,P,2020,5,0,0,
SD,SDN,Acute Food Insecurity July 2019,A,14192889,42813000,Jun 2019,Aug 2019,C,2019,1,24246158,0.58,
SD,SDN,Acute Food Insecurity July 2019,A,14192889,42813000,Jun 2019,Aug 2019,C,2019,2,11835390,0.28,
SD,SDN,Acute Food Insecurity July 2019,A,14192889,42813000,Jun 2019,Aug 2019,C,2019,3,4809357,0.11,
SD,SDN,Acute Food Insecurity July 2019,A,14192889,42813000,Jun 2019,Aug 2019,C,2019,4,1043453,0.02,
SD,SDN,Acute Food Insecurity July 2019,A,14192889,42813000,Jun 2019,Aug 2019,C,2019,5,0,0,
SL,SLE,Cadre Harmonisé Analysis March 2022,A,24779024,8605845,Jun 2022,Aug 2022,P,2022,1,3426662,0.4,
SL,SLE,Cadre Harmonisé Analysis March 2022,A,24779024,8605845,Jun 2022,Aug 2022,P,2022,2,3573464,0.42,
SL,SLE,Cadre Harmonisé Analysis March 2022,A,24779024,8605845,Jun 2022,Aug 2022,P,2022,3,1579319,0.18,
SL,SLE,Cadre Harmonisé Analysis March 2022,A,24779024,8605845,Jun 2022,Aug 2022,P,2022,4,26400,0,
SL,SLE,Cadre Harmonisé Analysis March 2022,A,24779024,8605845,Jun 2022,Aug 2022,P,2022,5,0,0,
SL,SLE,Cadre Harmonisé Analysis Octobre 2021,A,24473395,8605845,Jun 2022,Aug 2022,P,2021,1,3711267,0.43,
SL,SLE,Cadre Harmonisé Analysis Octobre 2021,A,24473395,8605845,Jun 2022,Aug 2022,P,2021,2,3441252,0.4,
SL,SLE,Cadre Harmonisé Analysis Octobre 2021,A,24473395,8605845,Jun 2022,Aug 2022,P,2021,3,1453325,0.17,
SL,SLE,Cadre Harmonisé Analysis Octobre 2021,A,24473395,8605845,Jun 2022,Aug 2022,P,2021,4,0,0,
SL,SLE,Cadre Harmonisé Analysis Octobre 2021,A,24473395,8605845,Jun 2022,Aug 2022,P,2021,5,0,0,
SL,SLE,Cadre Harmonisé Analysis October 2020,A,19978151,8100953,Jun 2021,Aug 2021,P,2020,1,3445415,0.43,
SL,SLE,Cadre Harmonisé Analysis October 2020,A,19978151,8100953,Jun 2021,Aug 2021,P,2020,2,3296176,0.41,
SL,SLE,Cadre Harmonisé Analysis October 2020,A,19978151,8100953,Jun 2021,Aug 2021,P,2020,3,1284251,0.16,
SL,SLE,Cadre Harmonisé Analysis October 2020,A,19978151,8100953,Jun 2021,Aug 2021,P,2020,4,75111,0.01,
SL,SLE,Cadre Harmonisé Analysis October 2020,A,19978151,8100953,Jun 2021,Aug 2021,P,2020,5,0,0,
SN,SEN,Cadre Harmonisé Analysis March 2022,A,24778878,17257945,Jun 2022,Aug 2022,P,2022,1,12913552,0.73,
SN,SEN,Cadre Harmonisé Analysis March 2022,A,24778878,17257945,Jun 2022,Aug 2022,P,2022,2,3943944,0.22,
SN,SEN,Cadre Harmonisé Analysis March 2022,A,24778878,17257945,Jun 2022,Aug 2022,P,2022,3,872421,0.05,
SN,SEN,Cadre Harmonisé Analysis March 2022,A,24778878,17257945,Jun 2022,Aug 2022,P,2022,4,8855,0,
SN,SEN,Cadre Harmonisé Analysis March 2022,A,24778878,17257945,Jun 2022,Aug 2022,P,2022,5,0,0,
SN,SEN,Cadre Harmonisé Analysis November 2021,A,24468873,17257945,Jun 2022,Aug 2022,P,2021,1,12806733,0.74,
SN,SEN,Cadre Harmonisé Analysis November 2021,A,24468873,17257945,Jun 2022,Aug 2022,P,2021,2,3681329,0.21,
SN,SEN,Cadre Harmonisé Analysis November 2021,A,24468873,17257945,Jun 2022,Aug 2022,P,2021,3,756812,0.04,
SN,SEN,Cadre Harmonisé Analysis November 2021,A,24468873,17257945,Jun 2022,Aug 2022,P,2021,4,13071,0,
SN,SEN,Cadre Harmonisé Analysis November 2021,A,24468873,17257945,Jun 2022,Aug 2022,P,2021,5,0,0,
SN,SEN,Cadre Harmonisé Analysis November 2020,A,19978148,17041614,Jun 2021,Aug 2021,P,2020,1,12604053,0.74,
SN,SEN,Cadre Harmonisé Analysis November 2020,A,19978148,17041614,Jun 2021,Aug 2021,P,2020,2,3587866,0.21,
SN,SEN,Cadre Harmonisé Analysis November 2020,A,19978148,17041614,Jun 2021,Aug 2021,P,2020,3,826594,0.05,
SN,SEN,Cadre Harmonisé Analysis November 2020,A,19978148,17041614,Jun 2021,Aug 2021,P,2020,4,23101,0,
SN,SEN,Cadre Harmonisé Analysis November 2020,A,19978148,17041614,Jun 2021,Aug 2021,P,2020,5,0,0,
SO,SOM,Acute Food Insecurity March 2022 (Proj. Update),A,25219305,15737178,Apr 2022,Jun 2022,A,2022,1,5719958,0.37,
SO,SOM,Acute Food Insecurity March 2022 (Proj. Update),A,25219305,15737178,Apr 2022,Jun 2022,A,2022,2,3896440,0.25,
SO,SOM,Acute Food Insecurity March 2022 (Proj. Update),A,25219305,15737178,Apr 2022,Jun 2022,A,2022,3,4220310,0.27,
SO,SOM,Acute Food Insecurity March 2022 (Proj. Update),A,25219305,15737178,Apr 2022,Jun 2022,A,2022,4,1740170,0.11,
SO,SOM,Acute Food Insecurity March 2022 (Proj. Update),A,25219305,15737178,Apr 2022,Jun 2022,A,2022,5,81100,0,
SO,SOM,Acute Food Insecurity August 2021,A,24607466,15737176,Oct 2021,Dec 2021,P,2021,1,8558586,0.54,
SO,SOM,Acute Food Insecurity August 2021,A,24607466,15737176,Oct 2021,Dec 2021,P,2021,2,3712900,0.24,
SO,SOM,Acute Food Insecurity August 2021,A,24607466,15737176,Oct 2021,Dec 2021,P,2021,3,2824960,0.18,
SO,SOM,Acute Food Insecurity August 2021,A,24607466,15737176,Oct 2021,Dec 2021,P,2021,4,640730,0.04,
SO,SOM,Acute Food Insecurity August 2021,A,24607466,15737176,Oct 2021,Dec 2021,P,2021,5,0,0,
SO,SOM,Acute Food Insecurity August 2020,A,18976784,12327530,Oct 2020,Dec 2020,P,2020,1,7212530,0.58,
SO,SOM,Acute Food Insecurity August 2020,A,18976784,12327530,Oct 2020,Dec 2020,P,2020,2,3010000,0.24,
SO,SOM,Acute Food Insecurity August 2020,A,18976784,12327530,Oct 2020,Dec 2020,P,2020,3,1705000,0.14,
SO,SOM,Acute Food Insecurity August 2020,A,18976784,12327530,Oct 2020,Dec 2020,P,2020,4,4e+05,0.03,
SO,SOM,Acute Food Insecurity August 2020,A,18976784,12327530,Oct 2020,Dec 2020,P,2020,5,0,0,
SO,SOM,Acute Food Insecurity August 2019,A,14117796,12327530,Oct 2019,Dec 2019,P,2019,1,5998330,0.49,
SO,SOM,Acute Food Insecurity August 2019,A,14117796,12327530,Oct 2019,Dec 2019,P,2019,2,4235200,0.34,
SO,SOM,Acute Food Insecurity August 2019,A,14117796,12327530,Oct 2019,Dec 2019,P,2019,3,1655000,0.13,
SO,SOM,Acute Food Insecurity August 2019,A,14117796,12327530,Oct 2019,Dec 2019,P,2019,4,439000,0.04,
SO,SOM,Acute Food Insecurity August 2019,A,14117796,12327530,Oct 2019,Dec 2019,P,2019,5,0,0,
SO,SOM,Acute Food Insecurity July 2018,A,12836822,12327530,Aug 2018,Dec 2018,P,2018,1,7689530,0.62,
SO,SOM,Acute Food Insecurity July 2018,A,12836822,12327530,Aug 2018,Dec 2018,P,2018,2,3077000,0.25,
SO,SOM,Acute Food Insecurity July 2018,A,12836822,12327530,Aug 2018,Dec 2018,P,2018,3,1388000,0.11,
SO,SOM,Acute Food Insecurity July 2018,A,12836822,12327530,Aug 2018,Dec 2018,P,2018,4,157000,0.01,
SO,SOM,Acute Food Insecurity July 2018,A,12836822,12327530,Aug 2018,Dec 2018,P,2018,5,17000,0,
SO,SOM,Acute Food Insecurity July 2017,A,12511433,12327530,Aug 2017,Dec 2017,P,2017,1,6096530,0.49,
SO,SOM,Acute Food Insecurity July 2017,A,12511433,12327530,Aug 2017,Dec 2017,P,2017,2,3088000,0.25,
SO,SOM,Acute Food Insecurity July 2017,A,12511433,12327530,Aug 2017,Dec 2017,P,2017,3,2341000,0.19,
SO,SOM,Acute Food Insecurity July 2017,A,12511433,12327530,Aug 2017,Dec 2017,P,2017,4,802000,0.07,
SO,SOM,Acute Food Insecurity July 2017,A,12511433,12327530,Aug 2017,Dec 2017,P,2017,5,0,0,
SS,SSD,Acute Food Insecurity March 2022,A,25037991,12400000,Apr 2022,Jul 2022,P,2022,1,1700000,0.14,
SS,SSD,Acute Food Insecurity March 2022,A,25037991,12400000,Apr 2022,Jul 2022,P,2022,2,2901000,0.24,
SS,SSD,Acute Food Insecurity March 2022,A,25037991,12400000,Apr 2022,Jul 2022,P,2022,3,4765000,0.39,
SS,SSD,Acute Food Insecurity March 2022,A,25037991,12400000,Apr 2022,Jul 2022,P,2022,4,2892000,0.23,
SS,SSD,Acute Food Insecurity March 2022,A,25037991,12400000,Apr 2022,Jul 2022,P,2022,5,87000,0.01,
SS,SSD,Acute Food Insecurity October 2020,A,21820078,12060000,Apr 2021,Jul 2021,A,2020,1,1675000,0.14,
SS,SSD,Acute Food Insecurity October 2020,A,21820078,12060000,Apr 2021,Jul 2021,A,2020,2,3138000,0.26,
SS,SSD,Acute Food Insecurity October 2020,A,21820078,12060000,Apr 2021,Jul 2021,A,2020,3,4668000,0.39,
SS,SSD,Acute Food Insecurity October 2020,A,21820078,12060000,Apr 2021,Jul 2021,A,2020,4,2413000,0.2,
SS,SSD,Acute Food Insecurity October 2020,A,21820078,12060000,Apr 2021,Jul 2021,A,2020,5,108000,0.01,
SS,SSD,Acute Food Insecurity August 2019,A,13850540,11703111,Jan 2020,Apr 2020,A,2019,1,2105000,0.18,
SS,SSD,Acute Food Insecurity August 2019,A,13850540,11703111,Jan 2020,Apr 2020,A,2019,2,4080000,0.35,
SS,SSD,Acute Food Insecurity August 2019,A,13850540,11703111,Jan 2020,Apr 2020,A,2019,3,4290000,0.37,
SS,SSD,Acute Food Insecurity August 2019,A,13850540,11703111,Jan 2020,Apr 2020,A,2019,4,1210000,0.1,
SS,SSD,Acute Food Insecurity August 2019,A,13850540,11703111,Jan 2020,Apr 2020,A,2019,5,0,0,
SS,SSD,Acute Food Insecurity September 2018,A,14210013,10971513,Jan 2019,Mar 2019,A,2018,1,1580000,0.14,
SS,SSD,Acute Food Insecurity September 2018,A,14210013,10971513,Jan 2019,Mar 2019,A,2018,2,3925000,0.37,
SS,SSD,Acute Food Insecurity September 2018,A,14210013,10971513,Jan 2019,Mar 2019,A,2018,3,3735000,0.35,
SS,SSD,Acute Food Insecurity September 2018,A,14210013,10971513,Jan 2019,Mar 2019,A,2018,4,1475000,0.14,
SS,SSD,Acute Food Insecurity September 2018,A,14210013,10971513,Jan 2019,Mar 2019,A,2018,5,36000,0,
SS,SSD,Acute Food Insecurity September 2017,A,14180331,10969993,Jan 2018,Mar 2018,A,2017,1,1965000,0.18,
SS,SSD,Acute Food Insecurity September 2017,A,14180331,10969993,Jan 2018,Mar 2018,A,2017,2,3675000,0.34,
SS,SSD,Acute Food Insecurity September 2017,A,14180331,10969993,Jan 2018,Mar 2018,A,2017,3,3605000,0.33,
SS,SSD,Acute Food Insecurity September 2017,A,14180331,10969993,Jan 2018,Mar 2018,A,2017,4,1520000,0.14,
SS,SSD,Acute Food Insecurity September 2017,A,14180331,10969993,Jan 2018,Mar 2018,A,2017,5,20000,0,
SV,SLV,Acute Food Insecurity August 2021,A,24178731,6325827,Mar 2022,May 2022,A,2021,1,2132030,0.34,
SV,SLV,Acute Food Insecurity August 2021,A,24178731,6325827,Mar 2022,May 2022,A,2021,2,3286974,0.52,
SV,SLV,Acute Food Insecurity August 2021,A,24178731,6325827,Mar 2022,May 2022,A,2021,3,845944,0.13,
SV,SLV,Acute Food Insecurity August 2021,A,24178731,6325827,Mar 2022,May 2022,A,2021,4,60879,0.01,
SV,SLV,Acute Food Insecurity August 2021,A,24178731,6325827,Mar 2022,May 2022,A,2021,5,0,0,
SV,SLV,Acute Food Insecurity November 2020,A,21163339,6825935,Jun 2021,Aug 2021,A,2020,1,3194713,0.47,
SV,SLV,Acute Food Insecurity November 2020,A,21163339,6825935,Jun 2021,Aug 2021,A,2020,2,2541069,0.37,
SV,SLV,Acute Food Insecurity November 2020,A,21163339,6825935,Jun 2021,Aug 2021,A,2020,3,932778,0.14,
SV,SLV,Acute Food Insecurity November 2020,A,21163339,6825935,Jun 2021,Aug 2021,A,2020,4,110883,0.02,
SV,SLV,Acute Food Insecurity November 2020,A,21163339,6825935,Jun 2021,Aug 2021,A,2020,5,0,0,
SV,SLV,Acute Food Insecurity November 2018 (Dry Corridor),A,12995538,6402812,Apr 2019,Jul 2019,P,2018,1,608306,0.44,
SV,SLV,Acute Food Insecurity November 2018 (Dry Corridor),A,12995538,6402812,Apr 2019,Jul 2019,P,2018,2,472842,0.34,
SV,SLV,Acute Food Insecurity November 2018 (Dry Corridor),A,12995538,6402812,Apr 2019,Jul 2019,P,2018,3,239228,0.17,
SV,SLV,Acute Food Insecurity November 2018 (Dry Corridor),A,12995538,6402812,Apr 2019,Jul 2019,P,2018,4,63030,0.05,
SV,SLV,Acute Food Insecurity November 2018 (Dry Corridor),A,12995538,6402812,Apr 2019,Jul 2019,P,2018,5,0,0,
SV,SLV,Acute Food Insecurity November 2017 (Partial),A,12393207,6381000,Mar 2018,May 2018,P,2017,1,2227948,0.89,
SV,SLV,Acute Food Insecurity November 2017 (Partial),A,12393207,6381000,Mar 2018,May 2018,P,2017,2,230312,0.09,
SV,SLV,Acute Food Insecurity November 2017 (Partial),A,12393207,6381000,Mar 2018,May 2018,P,2017,3,0,0,
SV,SLV,Acute Food Insecurity November 2017 (Partial),A,12393207,6381000,Mar 2018,May 2018,P,2017,4,0,0,
SV,SLV,Acute Food Insecurity November 2017 (Partial),A,12393207,6381000,Mar 2018,May 2018,P,2017,5,0,0,
SZ,SWZ,Acute Food Insecurity Nov 2021 (Projection update),A,24586740,1174517,Dec 2021,Mar 2022,P,2021,1,459813,0.39,
SZ,SWZ,Acute Food Insecurity Nov 2021 (Projection update),A,24586740,1174517,Dec 2021,Mar 2022,P,2021,2,375616,0.32,
SZ,SWZ,Acute Food Insecurity Nov 2021 (Projection update),A,24586740,1174517,Dec 2021,Mar 2022,P,2021,3,286260,0.24,
SZ,SWZ,Acute Food Insecurity Nov 2021 (Projection update),A,24586740,1174517,Dec 2021,Mar 2022,P,2021,4,49544,0.04,
SZ,SWZ,Acute Food Insecurity Nov 2021 (Projection update),A,24586740,1174517,Dec 2021,Mar 2022,P,2021,5,0,0,
SZ,SWZ,Acute Food Insecurity June 2020,A,18468215,1146903,Oct 2020,Mar 2021,P,2020,1,378611,0.34,
SZ,SWZ,Acute Food Insecurity June 2020,A,18468215,1146903,Oct 2020,Mar 2021,P,2020,2,384284,0.34,
SZ,SWZ,Acute Food Insecurity June 2020,A,18468215,1146903,Oct 2020,Mar 2021,P,2020,3,306623,0.27,
SZ,SWZ,Acute Food Insecurity June 2020,A,18468215,1146903,Oct 2020,Mar 2021,P,2020,4,59637,0.05,
SZ,SWZ,Acute Food Insecurity June 2020,A,18468215,1146903,Oct 2020,Mar 2021,P,2020,5,0,0,
SZ,SWZ,Acute Food Insecurity June 2019,A,13550953,1133522,Oct 2019,Mar 2020,P,2019,1,340964,0.36,
SZ,SWZ,Acute Food Insecurity June 2019,A,13550953,1133522,Oct 2019,Mar 2020,P,2019,2,370498,0.39,
SZ,SWZ,Acute Food Insecurity June 2019,A,13550953,1133522,Oct 2019,Mar 2020,P,2019,3,185181,0.2,
SZ,SWZ,Acute Food Insecurity June 2019,A,13550953,1133522,Oct 2019,Mar 2020,P,2019,4,47192,0.05,
SZ,SWZ,Acute Food Insecurity June 2019,A,13550953,1133522,Oct 2019,Mar 2020,P,2019,5,0,0,
SZ,SWZ,Acute Food Insecurity Nov 2018 (Projection Update),A,12939387,1120092,Dec 2018,Mar 2019,P,2018,1,401791,0.42,
SZ,SWZ,Acute Food Insecurity Nov 2018 (Projection Update),A,12939387,1120092,Dec 2018,Mar 2019,P,2018,2,301402,0.32,
SZ,SWZ,Acute Food Insecurity Nov 2018 (Projection Update),A,12939387,1120092,Dec 2018,Mar 2019,P,2018,3,168108,0.18,
SZ,SWZ,Acute Food Insecurity Nov 2018 (Projection Update),A,12939387,1120092,Dec 2018,Mar 2019,P,2018,4,78531,0.08,
SZ,SWZ,Acute Food Insecurity Nov 2018 (Projection Update),A,12939387,1120092,Dec 2018,Mar 2019,P,2018,5,0,0,
SZ,SWZ,Acute Food Insecurity July 2017,A,12144729,1106451,Oct 2017,Feb 2018,P,2017,1,556800,0.61,
SZ,SWZ,Acute Food Insecurity July 2017,A,12144729,1106451,Oct 2017,Feb 2018,P,2017,2,176200,0.19,
SZ,SWZ,Acute Food Insecurity July 2017,A,12144729,1106451,Oct 2017,Feb 2018,P,2017,3,155870,0.17,
SZ,SWZ,Acute Food Insecurity July 2017,A,12144729,1106451,Oct 2017,Feb 2018,P,2017,4,21130,0.02,
SZ,SWZ,Acute Food Insecurity July 2017,A,12144729,1106451,Oct 2017,Feb 2018,P,2017,5,0,0,
TD,TCD,Cadre Harmonisé Analysis March 2022,A,24777180,17417717,Jun 2022,Aug 2022,P,2022,1,9674973,0.61,
TD,TCD,Cadre Harmonisé Analysis March 2022,A,24777180,17417717,Jun 2022,Aug 2022,P,2022,2,4026354,0.25,
TD,TCD,Cadre Harmonisé Analysis March 2022,A,24777180,17417717,Jun 2022,Aug 2022,P,2022,3,1997572,0.13,
TD,TCD,Cadre Harmonisé Analysis March 2022,A,24777180,17417717,Jun 2022,Aug 2022,P,2022,4,101289,0.01,
TD,TCD,Cadre Harmonisé Analysis March 2022,A,24777180,17417717,Jun 2022,Aug 2022,P,2022,5,0,0,
TD,TCD,Cadre Harmonisé Analysis November 2021,A,24473100,17417717,Jun 2022,Aug 2022,P,2021,1,9979880,0.65,
TD,TCD,Cadre Harmonisé Analysis November 2021,A,24473100,17417717,Jun 2022,Aug 2022,P,2021,2,3637536,0.24,
TD,TCD,Cadre Harmonisé Analysis November 2021,A,24473100,17417717,Jun 2022,Aug 2022,P,2021,3,1593834,0.1,
TD,TCD,Cadre Harmonisé Analysis November 2021,A,24473100,17417717,Jun 2022,Aug 2022,P,2021,4,143413,0.01,
TD,TCD,Cadre Harmonisé Analysis November 2021,A,24473100,17417717,Jun 2022,Aug 2022,P,2021,5,0,0,
TD,TCD,Cadre Harmonisé Analysis November 2020,A,19966518,16700000,Jun 2021,Aug 2021,P,2020,1,11187958,0.74,
TD,TCD,Cadre Harmonisé Analysis November 2020,A,19966518,16700000,Jun 2021,Aug 2021,P,2020,2,2854081,0.19,
TD,TCD,Cadre Harmonisé Analysis November 2020,A,19966518,16700000,Jun 2021,Aug 2021,P,2020,3,1094537,0.07,
TD,TCD,Cadre Harmonisé Analysis November 2020,A,19966518,16700000,Jun 2021,Aug 2021,P,2020,4,54458,0,
TD,TCD,Cadre Harmonisé Analysis November 2020,A,19966518,16700000,Jun 2021,Aug 2021,P,2020,5,0,0,
TG,TGO,Cadre Harmonisé Analysis March 2022,A,24790387,5885720,Jun 2022,Aug 2022,P,2022,1,4324763,0.74,
TG,TGO,Cadre Harmonisé Analysis March 2022,A,24790387,5885720,Jun 2022,Aug 2022,P,2022,2,1142851,0.2,
TG,TGO,Cadre Harmonisé Analysis March 2022,A,24790387,5885720,Jun 2022,Aug 2022,P,2022,3,388238,0.07,
TG,TGO,Cadre Harmonisé Analysis March 2022,A,24790387,5885720,Jun 2022,Aug 2022,P,2022,4,0,0,
TG,TGO,Cadre Harmonisé Analysis March 2022,A,24790387,5885720,Jun 2022,Aug 2022,P,2022,5,0,0,
TG,TGO,Cadre Harmonisé Analysis November 2021,A,24473470,5885720,Jun 2022,Aug 2022,P,2021,1,4004615,0.68,
TG,TGO,Cadre Harmonisé Analysis November 2021,A,24473470,5885720,Jun 2022,Aug 2022,P,2021,2,1399163,0.24,
TG,TGO,Cadre Harmonisé Analysis November 2021,A,24473470,5885720,Jun 2022,Aug 2022,P,2021,3,481942,0.08,
TG,TGO,Cadre Harmonisé Analysis November 2021,A,24473470,5885720,Jun 2022,Aug 2022,P,2021,4,0,0,
TG,TGO,Cadre Harmonisé Analysis November 2021,A,24473470,5885720,Jun 2022,Aug 2022,P,2021,5,0,0,
TG,TGO,Cadre Harmonisé Analysis October 2020,A,19979077,7975513,Jun 2021,Aug 2021,P,2020,1,4171219,0.86,
TG,TGO,Cadre Harmonisé Analysis October 2020,A,19979077,7975513,Jun 2021,Aug 2021,P,2020,2,622601,0.13,
TG,TGO,Cadre Harmonisé Analysis October 2020,A,19979077,7975513,Jun 2021,Aug 2021,P,2020,3,38911,0.01,
TG,TGO,Cadre Harmonisé Analysis October 2020,A,19979077,7975513,Jun 2021,Aug 2021,P,2020,4,0,0,
TG,TGO,Cadre Harmonisé Analysis October 2020,A,19979077,7975513,Jun 2021,Aug 2021,P,2020,5,0,0,
TZ,TZA,Acute Food Insecurity December 2021 (Partial),A,24602267,57637628,May 2022,Sep 2022,P,2021,1,1997354,0.57,
TZ,TZA,Acute Food Insecurity December 2021 (Partial),A,24602267,57637628,May 2022,Sep 2022,P,2021,2,929126,0.26,
TZ,TZA,Acute Food Insecurity December 2021 (Partial),A,24602267,57637628,May 2022,Sep 2022,P,2021,3,496785,0.14,
TZ,TZA,Acute Food Insecurity December 2021 (Partial),A,24602267,57637628,May 2022,Sep 2022,P,2021,4,94935,0.03,
TZ,TZA,Acute Food Insecurity December 2021 (Partial),A,24602267,57637628,May 2022,Sep 2022,P,2021,5,0,0,
TZ,TZA,Acute Food Insecurity November 2019 (16 districts),A,14112668,58005000,May 2020,Sep 2020,P,2019,1,2505080,0.52,
TZ,TZA,Acute Food Insecurity November 2019 (16 districts),A,14112668,58005000,May 2020,Sep 2020,P,2019,2,1845771,0.38,
TZ,TZA,Acute Food Insecurity November 2019 (16 districts),A,14112668,58005000,May 2020,Sep 2020,P,2019,3,481044,0.1,
TZ,TZA,Acute Food Insecurity November 2019 (16 districts),A,14112668,58005000,May 2020,Sep 2020,P,2019,4,7626,0,
TZ,TZA,Acute Food Insecurity November 2019 (16 districts),A,14112668,58005000,May 2020,Sep 2020,P,2019,5,0,0,
TZ,TZA,Acute Food Insecurity July 2017 (Zanzibar),A,12173542,55504000,Oct 2017,Dec 2017,P,2017,1,135631,0.16,
TZ,TZA,Acute Food Insecurity July 2017 (Zanzibar),A,12173542,55504000,Oct 2017,Dec 2017,P,2017,2,604902,0.72,
TZ,TZA,Acute Food Insecurity July 2017 (Zanzibar),A,12173542,55504000,Oct 2017,Dec 2017,P,2017,3,84460,0.1,
TZ,TZA,Acute Food Insecurity July 2017 (Zanzibar),A,12173542,55504000,Oct 2017,Dec 2017,P,2017,4,12413,0.01,
TZ,TZA,Acute Food Insecurity July 2017 (Zanzibar),A,12173542,55504000,Oct 2017,Dec 2017,P,2017,5,0,0,
UG,UGA,Acute Food Insecurity March 2022,A,25159242,44212800,Mar 2022,Jul 2022,C,2022,1,334960,0.27,
UG,UGA,Acute Food Insecurity March 2022,A,25159242,44212800,Mar 2022,Jul 2022,C,2022,2,392790,0.32,
UG,UGA,Acute Food Insecurity March 2022,A,25159242,44212800,Mar 2022,Jul 2022,C,2022,3,427950,0.34,
UG,UGA,Acute Food Insecurity March 2022,A,25159242,44212800,Mar 2022,Jul 2022,C,2022,4,89900,0.07,
UG,UGA,Acute Food Insecurity March 2022,A,25159242,44212800,Mar 2022,Jul 2022,C,2022,5,0,0,
UG,UGA,Acute Food Insecurity April 2021 (Karamoja),A,23934892,42885900,Aug 2021,Jan 2022,P,2021,1,548535,0.45,
UG,UGA,Acute Food Insecurity April 2021 (Karamoja),A,23934892,42885900,Aug 2021,Jan 2022,P,2021,2,470610,0.39,
UG,UGA,Acute Food Insecurity April 2021 (Karamoja),A,23934892,42885900,Aug 2021,Jan 2022,P,2021,3,159930,0.13,
UG,UGA,Acute Food Insecurity April 2021 (Karamoja),A,23934892,42885900,Aug 2021,Jan 2022,P,2021,4,27725,0.03,
UG,UGA,Acute Food Insecurity April 2021 (Karamoja),A,23934892,42885900,Aug 2021,Jan 2022,P,2021,5,0,0,
UG,UGA,Acute Food Insecurity June 2020 (Partial analysis),A,18724686,45741000,Sep 2020,Jan 2021,P,2020,1,4938387,0.43,
UG,UGA,Acute Food Insecurity June 2020 (Partial analysis),A,18724686,45741000,Sep 2020,Jan 2021,P,2020,2,4542829,0.4,
UG,UGA,Acute Food Insecurity June 2020 (Partial analysis),A,18724686,45741000,Sep 2020,Jan 2021,P,2020,3,1630877,0.14,
UG,UGA,Acute Food Insecurity June 2020 (Partial analysis),A,18724686,45741000,Sep 2020,Jan 2021,P,2020,4,371860,0.03,
UG,UGA,Acute Food Insecurity June 2020 (Partial analysis),A,18724686,45741000,Sep 2020,Jan 2021,P,2020,5,0,0,
UG,UGA,Acute Food Insecurity October 2018 (Karamoja-Teso),A,13849061,42729000,Jan 2019,Mar 2019,P,2018,1,792800,0.3,
UG,UGA,Acute Food Insecurity October 2018 (Karamoja-Teso),A,13849061,42729000,Jan 2019,Mar 2019,P,2018,2,1316700,0.51,
UG,UGA,Acute Food Insecurity October 2018 (Karamoja-Teso),A,13849061,42729000,Jan 2019,Mar 2019,P,2018,3,461600,0.18,
UG,UGA,Acute Food Insecurity October 2018 (Karamoja-Teso),A,13849061,42729000,Jan 2019,Mar 2019,P,2018,4,13600,0.01,
UG,UGA,Acute Food Insecurity October 2018 (Karamoja-Teso),A,13849061,42729000,Jan 2019,Mar 2019,P,2018,5,0,0,
UG,UGA,Acute Food Insecurity November 2017,A,12178793,40145000,Nov 2017,Feb 2018,C,2017,1,30833880,0.86,
UG,UGA,Acute Food Insecurity November 2017,A,12178793,40145000,Nov 2017,Feb 2018,C,2017,2,4818388,0.13,
UG,UGA,Acute Food Insecurity November 2017,A,12178793,40145000,Nov 2017,Feb 2018,C,2017,3,440821,0.01,
UG,UGA,Acute Food Insecurity November 2017,A,12178793,40145000,Nov 2017,Feb 2018,C,2017,4,0,0,
UG,UGA,Acute Food Insecurity November 2017,A,12178793,40145000,Nov 2017,Feb 2018,C,2017,5,0,0,
YE,YEM,Acute Food Insecurity January 2022,A,24735763,31900000,Jun 2022,Dec 2022,P,2022,1,5470000,0.17,
YE,YEM,Acute Food Insecurity January 2022,A,24735763,31900000,Jun 2022,Dec 2022,P,2022,2,7218500,0.23,
YE,YEM,Acute Food Insecurity January 2022,A,24735763,31900000,Jun 2022,Dec 2022,P,2022,3,11712000,0.37,
YE,YEM,Acute Food Insecurity January 2022,A,24735763,31900000,Jun 2022,Dec 2022,P,2022,4,7140500,0.23,
YE,YEM,Acute Food Insecurity January 2022,A,24735763,31900000,Jun 2022,Dec 2022,P,2022,5,161000,0,
YE,YEM,Acute Food Insecurity November 2020,A,19526876,30041712,Jan 2021,Jun 2021,P,2020,1,5258000,0.17,
YE,YEM,Acute Food Insecurity November 2020,A,19526876,30041712,Jan 2021,Jun 2021,P,2020,2,8644500,0.29,
YE,YEM,Acute Food Insecurity November 2020,A,19526876,30041712,Jan 2021,Jun 2021,P,2020,3,11042000,0.37,
YE,YEM,Acute Food Insecurity November 2020,A,19526876,30041712,Jan 2021,Jun 2021,P,2020,4,5058000,0.17,
YE,YEM,Acute Food Insecurity November 2020,A,19526876,30041712,Jan 2021,Jun 2021,P,2020,5,47000,0,
YE,YEM,Acute Food Insecurity June 2019 (HotSpot Analysis),A,13983194,30041712,Jul 2019,Sep 2019,C,2019,1,364500,0.15,
YE,YEM,Acute Food Insecurity June 2019 (HotSpot Analysis),A,13983194,30041712,Jul 2019,Sep 2019,C,2019,2,770000,0.32,
YE,YEM,Acute Food Insecurity June 2019 (HotSpot Analysis),A,13983194,30041712,Jul 2019,Sep 2019,C,2019,3,840500,0.35,
YE,YEM,Acute Food Insecurity June 2019 (HotSpot Analysis),A,13983194,30041712,Jul 2019,Sep 2019,C,2019,4,406000,0.17,
YE,YEM,Acute Food Insecurity June 2019 (HotSpot Analysis),A,13983194,30041712,Jul 2019,Sep 2019,C,2019,5,0,0,
YE,YEM,Acute Food Insecurity December 2018,A,12934754,29884585,Dec 2018,Jan 2019,C,2018,1,5109500,0.17,
YE,YEM,Acute Food Insecurity December 2018,A,12934754,29884585,Dec 2018,Jan 2019,C,2018,2,8875000,0.3,
YE,YEM,Acute Food Insecurity December 2018,A,12934754,29884585,Dec 2018,Jan 2019,C,2018,3,10879500,0.36,
YE,YEM,Acute Food Insecurity December 2018,A,12934754,29884585,Dec 2018,Jan 2019,C,2018,4,4957000,0.17,
YE,YEM,Acute Food Insecurity December 2018,A,12934754,29884585,Dec 2018,Jan 2019,C,2018,5,63500,0,
YE,YEM,Acute Food Insecurity March 2017 (Projection),A,12184859,28235000,Mar 2017,Jul 2017,P,2017,1,5128620,0.18,
YE,YEM,Acute Food Insecurity March 2017 (Projection),A,12184859,28235000,Mar 2017,Jul 2017,P,2017,2,6139700,0.22,
YE,YEM,Acute Food Insecurity March 2017 (Projection),A,12184859,28235000,Mar 2017,Jul 2017,P,2017,3,10187750,0.36,
YE,YEM,Acute Food Insecurity March 2017 (Projection),A,12184859,28235000,Mar 2017,Jul 2017,P,2017,4,6778930,0.24,
YE,YEM,Acute Food Insecurity March 2017 (Projection),A,12184859,28235000,Mar 2017,Jul 2017,P,2017,5,0,0,
ZA,ZAF,Acute Food Insecurity September 2020,A,22128041,59622350,Jan 2021,Mar 2021,P,2020,1,29966227,0.5,
ZA,ZAF,Acute Food Insecurity September 2020,A,22128041,59622350,Jan 2021,Mar 2021,P,2020,2,18362327,0.31,
ZA,ZAF,Acute Food Insecurity September 2020,A,22128041,59622350,Jan 2021,Mar 2021,P,2020,3,9598771,0.16,
ZA,ZAF,Acute Food Insecurity September 2020,A,22128041,59622350,Jan 2021,Mar 2021,P,2020,4,2197177,0.04,
ZA,ZAF,Acute Food Insecurity September 2020,A,22128041,59622350,Jan 2021,Mar 2021,P,2020,5,0,0,
ZM,ZMB,Acute Food Insecurity June 2021,A,24152633,18400556,Oct 2021,Mar 2022,P,2021,1,5421278,0.45,
ZM,ZMB,Acute Food Insecurity June 2021,A,24152633,18400556,Oct 2021,Mar 2022,P,2021,2,5184811,0.43,
ZM,ZMB,Acute Food Insecurity June 2021,A,24152633,18400556,Oct 2021,Mar 2022,P,2021,3,1575154,0.13,
ZM,ZMB,Acute Food Insecurity June 2021,A,24152633,18400556,Oct 2021,Mar 2022,P,2021,4,0,0,
ZM,ZMB,Acute Food Insecurity June 2021,A,24152633,18400556,Oct 2021,Mar 2022,P,2021,5,0,0,
ZM,ZMB,Acute Food Insecurity July 2020,A,19345665,17885422,Oct 2020,Mar 2021,P,2020,1,2526204,0.37,
ZM,ZMB,Acute Food Insecurity July 2020,A,19345665,17885422,Oct 2020,Mar 2021,P,2020,2,2387261,0.35,
ZM,ZMB,Acute Food Insecurity July 2020,A,19345665,17885422,Oct 2020,Mar 2021,P,2020,3,1651433,0.24,
ZM,ZMB,Acute Food Insecurity July 2020,A,19345665,17885422,Oct 2020,Mar 2021,P,2020,4,324919,0.05,
ZM,ZMB,Acute Food Insecurity July 2020,A,19345665,17885422,Oct 2020,Mar 2021,P,2020,5,0,0,
ZM,ZMB,Acute Food Insecurity May 2019,A,13599687,17861000,Oct 2019,Mar 2020,P,2019,1,4073759,0.43,
ZM,ZMB,Acute Food Insecurity May 2019,A,13599687,17861000,Oct 2019,Mar 2020,P,2019,2,3127699,0.33,
ZM,ZMB,Acute Food Insecurity May 2019,A,13599687,17861000,Oct 2019,Mar 2020,P,2019,3,1866246,0.2,
ZM,ZMB,Acute Food Insecurity May 2019,A,13599687,17861000,Oct 2019,Mar 2020,P,2019,4,411852,0.04,
ZM,ZMB,Acute Food Insecurity May 2019,A,13599687,17861000,Oct 2019,Mar 2020,P,2019,5,0,0,
ZM,ZMB,Acute Food Insecurity June 2018 (South),A,12851889,17609178,Oct 2018,Mar 2019,P,2018,1,3836971,0.54,
ZM,ZMB,Acute Food Insecurity June 2018 (South),A,12851889,17609178,Oct 2018,Mar 2019,P,2018,2,1991706,0.28,
ZM,ZMB,Acute Food Insecurity June 2018 (South),A,12851889,17609178,Oct 2018,Mar 2019,P,2018,3,876393,0.12,
ZM,ZMB,Acute Food Insecurity June 2018 (South),A,12851889,17609178,Oct 2018,Mar 2019,P,2018,4,375143,0.05,
ZM,ZMB,Acute Food Insecurity June 2018 (South),A,12851889,17609178,Oct 2018,Mar 2019,P,2018,5,0,0,
ZW,ZWE,Acute Food Insecurity October 2020,A,19420051,15557469,Jan 2021,Mar 2021,P,2020,1,3221153,0.33,
ZW,ZWE,Acute Food Insecurity October 2020,A,19420051,15557469,Jan 2021,Mar 2021,P,2020,2,3104734,0.32,
ZW,ZWE,Acute Food Insecurity October 2020,A,19420051,15557469,Jan 2021,Mar 2021,P,2020,3,2611638,0.27,
ZW,ZWE,Acute Food Insecurity October 2020,A,19420051,15557469,Jan 2021,Mar 2021,P,2020,4,768594,0.08,
ZW,ZWE,Acute Food Insecurity October 2020,A,19420051,15557469,Jan 2021,Mar 2021,P,2020,5,0,0,
ZW,ZWE,Acute Food Insecurity June 2019,A,13602488,14645000,Oct 2019,Dec 2019,P,2019,1,3159947,0.34,
ZW,ZWE,Acute Food Insecurity June 2019,A,13602488,14645000,Oct 2019,Dec 2019,P,2019,2,2678585,0.28,
ZW,ZWE,Acute Food Insecurity June 2019,A,13602488,14645000,Oct 2019,Dec 2019,P,2019,3,2474756,0.26,
ZW,ZWE,Acute Food Insecurity June 2019,A,13602488,14645000,Oct 2019,Dec 2019,P,2019,4,1105458,0.12,
ZW,ZWE,Acute Food Insecurity June 2019,A,13602488,14645000,Oct 2019,Dec 2019,P,2019,5,0,0,
